ID,route_id,customer_number,depot_code,customer_code,direction,distance_km,time_distance_min
1,2946091,1,1000,138087,DEPOT->CUSTOMER,31.173,34.815
2,2946091,1,1000,138087,CUSTOMER->DEPOT,31.159,34.782
3,2946091,2,1000,138157,DEPOT->CUSTOMER,47.352,54.527
4,2946091,2,1000,138157,CUSTOMER->DEPOT,47.85,54.791
5,2946091,3,1000,26,DEPOT->CUSTOMER,29.805,31.416
6,2946091,3,1000,26,CUSTOMER->DEPOT,29.849,31.46
7,2946091,4,1000,478,DEPOT->CUSTOMER,63.689,65.835
8,2946091,4,1000,478,CUSTOMER->DEPOT,63.772,65.912
9,2946091,5,1000,921127,DEPOT->CUSTOMER,57.008,60.038
10,2946091,5,1000,921127,CUSTOMER->DEPOT,57.49,60.313
11,2946091,6,1000,15076,DEPOT->CUSTOMER,32.079,33.737
12,2946091,6,1000,15076,CUSTOMER->DEPOT,32.081,33.737
13,2946091,7,1000,921302,DEPOT->CUSTOMER,21.314,23.122
14,2946091,7,1000,921302,CUSTOMER->DEPOT,21.655,23.287
15,2946091,8,1000,454,DEPOT->CUSTOMER,33.116,34.771
16,2946091,8,1000,454,CUSTOMER->DEPOT,33.134,34.782
17,2946091,9,1000,1408,DEPOT->CUSTOMER,21.388,23.408
18,2946091,9,1000,1408,CUSTOMER->DEPOT,21.378,23.419
19,2946091,10,1000,922636,DEPOT->CUSTOMER,29.251,32.857
20,2946091,10,1000,922636,CUSTOMER->DEPOT,29.237,32.824
21,2946091,11,1000,141727,DEPOT->CUSTOMER,65.38,68.013
22,2946091,11,1000,141727,CUSTOMER->DEPOT,65.462,68.101
23,2946091,12,1000,15027,DEPOT->CUSTOMER,46.242,50.886
24,2946091,12,1000,15027,CUSTOMER->DEPOT,46.085,50.732
25,2946091,13,1000,137381,DEPOT->CUSTOMER,65.34,67.892
26,2946091,13,1000,137381,CUSTOMER->DEPOT,65.423,67.98
27,2946091,14,1000,1998,DEPOT->CUSTOMER,46.136,48.499
28,2946091,14,1000,1998,CUSTOMER->DEPOT,46.18,48.543
29,2946091,15,1000,922451,DEPOT->CUSTOMER,30.914,32.34
30,2946091,15,1000,922451,CUSTOMER->DEPOT,30.958,32.384
31,2946091,16,1000,1425,DEPOT->CUSTOMER,18.38,19.36
32,2946091,16,1000,1425,CUSTOMER->DEPOT,18.38,19.36
33,2946091,17,1000,1016,DEPOT->CUSTOMER,45.769,50.402
34,2946091,17,1000,1016,CUSTOMER->DEPOT,45.7,50.347
35,2946091,18,1000,131768,DEPOT->CUSTOMER,20.81,22.429
36,2946091,18,1000,131768,CUSTOMER->DEPOT,21.109,22.209
37,2946091,19,1000,131511,DEPOT->CUSTOMER,23.67,27.258
38,2946091,19,1000,131511,CUSTOMER->DEPOT,23.656,27.225
39,2946091,20,1000,132462,DEPOT->CUSTOMER,22.296,24.948
40,2946091,20,1000,132462,CUSTOMER->DEPOT,22.775,25.223
41,2946091,21,1000,922334,DEPOT->CUSTOMER,28.979,37.29
42,2946091,21,1000,922334,CUSTOMER->DEPOT,28.979,37.29
43,2946091,22,1000,15221,DEPOT->CUSTOMER,65.466,68.288
44,2946091,22,1000,15221,CUSTOMER->DEPOT,65.549,68.365
45,2946091,23,1000,136836,DEPOT->CUSTOMER,30.126,32.043
46,2946091,23,1000,136836,CUSTOMER->DEPOT,30.17,32.087
47,2946091,24,1000,10825,DEPOT->CUSTOMER,23.633,27.291
48,2946091,24,1000,10825,CUSTOMER->DEPOT,23.401,27.038
49,2946091,25,1000,921872,DEPOT->CUSTOMER,21.07,24.123
50,2946091,25,1000,921872,CUSTOMER->DEPOT,21.064,24.112
51,2946091,26,1000,138142,DEPOT->CUSTOMER,65.406,67.309
52,2946091,26,1000,138142,CUSTOMER->DEPOT,65.376,67.276
53,2946091,27,1000,923142,DEPOT->CUSTOMER,24.327,46.266
54,2946091,27,1000,923142,CUSTOMER->DEPOT,24.327,46.266
55,2946091,28,1000,1118,DEPOT->CUSTOMER,46.679,51.986
56,2946091,28,1000,1118,CUSTOMER->DEPOT,46.843,52.448
57,2946091,29,1000,144680,DEPOT->CUSTOMER,47.51,49.445
58,2946091,29,1000,144680,CUSTOMER->DEPOT,47.593,49.533
59,2946091,30,1000,143559,DEPOT->CUSTOMER,65.386,67.65
60,2946091,30,1000,143559,CUSTOMER->DEPOT,65.746,68.629
61,2946091,31,1000,131332,DEPOT->CUSTOMER,65.013,67.166
62,2946091,31,1000,131332,CUSTOMER->DEPOT,65.096,67.243
63,2946091,32,1000,131334,DEPOT->CUSTOMER,65.736,68.112
64,2946091,32,1000,131334,CUSTOMER->DEPOT,65.923,68.706
65,2946091,33,1000,131336,DEPOT->CUSTOMER,54.394,58.927
66,2946091,33,1000,131336,CUSTOMER->DEPOT,54.477,59.004
67,2946091,34,1000,131337,DEPOT->CUSTOMER,65.945,68.387
68,2946091,34,1000,131337,CUSTOMER->DEPOT,66.426,69.377
69,2946091,35,1000,2038,DEPOT->CUSTOMER,30.608,32.032
70,2946091,35,1000,2038,CUSTOMER->DEPOT,30.652,32.076
71,2946091,36,1000,131469,DEPOT->CUSTOMER,46.361,51.26
72,2946091,36,1000,131469,CUSTOMER->DEPOT,46.278,51.183
73,2946091,37,1000,739,DEPOT->CUSTOMER,39.269,41.987
74,2946091,37,1000,739,CUSTOMER->DEPOT,39.778,42.284
75,2946091,38,1000,738,DEPOT->CUSTOMER,50.717,55.759
76,2946091,38,1000,738,CUSTOMER->DEPOT,51.021,55.759
77,2946091,39,1000,7521,DEPOT->CUSTOMER,30.747,32.098
78,2946091,39,1000,7521,CUSTOMER->DEPOT,30.791,32.142
79,2946091,40,1000,7930,DEPOT->CUSTOMER,47.035,54.208
80,2946091,40,1000,7930,CUSTOMER->DEPOT,47.532,54.472
81,2946091,41,1000,7935,DEPOT->CUSTOMER,56.861,59.752
82,2946091,41,1000,7935,CUSTOMER->DEPOT,57.343,60.016
83,2946091,42,1000,7945,DEPOT->CUSTOMER,56.641,60.258
84,2946091,42,1000,7945,CUSTOMER->DEPOT,58.145,61.226
85,2946091,43,1000,7959,DEPOT->CUSTOMER,66.025,67.914
86,2946091,43,1000,7959,CUSTOMER->DEPOT,66.129,68.024
87,2946091,44,1000,15203,CUSTOMER->DEPOT,46.318,51.216
88,2946091,44,1000,15203,DEPOT->CUSTOMER,46.24,51.337
89,2946091,45,1000,15208,CUSTOMER->DEPOT,20.822,22.11
90,2946091,45,1000,15208,DEPOT->CUSTOMER,21.342,22.638
91,2946091,46,1000,15253,CUSTOMER->DEPOT,21.491,23.683
92,2946091,46,1000,15253,DEPOT->CUSTOMER,21.503,23.452
93,2946091,47,1000,143115,CUSTOMER->DEPOT,30.957,33.022
94,2946091,47,1000,143115,DEPOT->CUSTOMER,30.954,33.022
95,2946091,48,1000,921336,CUSTOMER->DEPOT,21.244,23.122
96,2946091,48,1000,921336,DEPOT->CUSTOMER,21.254,23.111
97,2946091,49,1000,137670,CUSTOMER->DEPOT,53.08,57.926
98,2946091,49,1000,137670,DEPOT->CUSTOMER,52.776,57.915
99,2946091,50,1000,921733,CUSTOMER->DEPOT,30.867,32.285
100,2946091,50,1000,921733,DEPOT->CUSTOMER,30.823,32.241
101,2946091,51,1000,142110,CUSTOMER->DEPOT,67.229,69.663
102,2946091,51,1000,142110,DEPOT->CUSTOMER,66.317,68.992
103,2946091,52,1000,139187,CUSTOMER->DEPOT,30.23,32.186
104,2946091,52,1000,139187,DEPOT->CUSTOMER,30.228,32.186
105,2946091,53,1000,1934,CUSTOMER->DEPOT,63.268,65.219
106,2946091,53,1000,1934,DEPOT->CUSTOMER,63.226,65.175
107,2946091,54,1000,922075,CUSTOMER->DEPOT,45.567,50.182
108,2946091,54,1000,922075,DEPOT->CUSTOMER,45.875,50.501
109,2946091,55,1000,922805,CUSTOMER->DEPOT,45.701,50.325
110,2946091,55,1000,922805,DEPOT->CUSTOMER,45.741,50.358
111,2946091,56,1000,922327,CUSTOMER->DEPOT,20.19,21.197
112,2946091,56,1000,922327,DEPOT->CUSTOMER,20.386,21.406
113,2946091,57,1000,136510,CUSTOMER->DEPOT,54.857,57.574
114,2946091,57,1000,136510,DEPOT->CUSTOMER,54.375,57.299
115,2946091,58,1000,139168,CUSTOMER->DEPOT,31.964,35.409
116,2946091,58,1000,139168,DEPOT->CUSTOMER,31.488,35.145
117,2946091,59,1000,923589,CUSTOMER->DEPOT,42.856,47.432
118,2946091,59,1000,923589,DEPOT->CUSTOMER,42.933,47.509
119,2946091,60,1000,923590,CUSTOMER->DEPOT,20.522,21.824
120,2946091,60,1000,923590,DEPOT->CUSTOMER,20.815,22.033
121,2946091,61,1000,593,CUSTOMER->DEPOT,55.069,57.662
122,2946091,61,1000,593,DEPOT->CUSTOMER,54.588,57.387
123,2946091,62,1000,1439,CUSTOMER->DEPOT,22.757,25.146
124,2946091,62,1000,1439,DEPOT->CUSTOMER,22.291,24.893
125,2946091,63,1000,922197,CUSTOMER->DEPOT,44.848,49.5
126,2946091,63,1000,922197,DEPOT->CUSTOMER,44.925,49.577
127,2946091,64,1000,1654,CUSTOMER->DEPOT,51.925,53.625
128,2946091,64,1000,1654,DEPOT->CUSTOMER,51.842,53.548
129,2946091,65,1000,131249,CUSTOMER->DEPOT,21.168,22.693
130,2946091,65,1000,131249,DEPOT->CUSTOMER,21.321,22.726
131,2946091,66,1000,131250,CUSTOMER->DEPOT,23.085,26.587
132,2946091,66,1000,131250,DEPOT->CUSTOMER,22.484,26.103
133,2946091,67,1000,131247,CUSTOMER->DEPOT,21.49,24.035
134,2946091,67,1000,131247,DEPOT->CUSTOMER,21.967,24.002
135,2946091,68,1000,131248,CUSTOMER->DEPOT,30.644,34.254
136,2946091,68,1000,131248,DEPOT->CUSTOMER,30.658,34.287
137,2946091,69,1000,921003,CUSTOMER->DEPOT,21.247,23.133
138,2946091,69,1000,921003,DEPOT->CUSTOMER,21.248,23.122
139,2946091,70,1000,922910,CUSTOMER->DEPOT,58.224,61.391
140,2946091,70,1000,922910,DEPOT->CUSTOMER,56.72,60.434
141,2946091,71,1000,132531,CUSTOMER->DEPOT,19.963,21.417
142,2946091,71,1000,132531,DEPOT->CUSTOMER,19.958,21.406
143,2946091,72,1000,144561,CUSTOMER->DEPOT,46.59,52.096
144,2946091,72,1000,144561,DEPOT->CUSTOMER,46.706,52.206
145,2946091,73,1000,1644,CUSTOMER->DEPOT,23.64,26.103
146,2946091,73,1000,1644,DEPOT->CUSTOMER,23.152,25.828
147,2946091,74,1000,606,CUSTOMER->DEPOT,34.48,35.992
148,2946091,74,1000,606,DEPOT->CUSTOMER,34.397,35.904
149,2946091,75,1000,923951,CUSTOMER->DEPOT,65.41,67.309
150,2946091,75,1000,923951,DEPOT->CUSTOMER,65.368,67.276
151,2946091,76,1000,10538,CUSTOMER->DEPOT,65.411,67.309
152,2946091,76,1000,10538,DEPOT->CUSTOMER,65.369,67.276
153,2946091,77,1000,138650,CUSTOMER->DEPOT,34.105,35.981
154,2946091,77,1000,138650,DEPOT->CUSTOMER,34.086,35.959
155,2946091,78,1000,144439,CUSTOMER->DEPOT,30.876,32.472
156,2946091,78,1000,144439,DEPOT->CUSTOMER,30.832,32.428
157,2946091,79,1000,922957,CUSTOMER->DEPOT,0.541,1.342
158,2946091,79,1000,922957,DEPOT->CUSTOMER,0.541,1.342
159,2946091,80,1000,142995,CUSTOMER->DEPOT,21.056,23.463
160,2946091,80,1000,142995,DEPOT->CUSTOMER,20.931,23.551
161,2946091,81,1000,133394,CUSTOMER->DEPOT,48.211,55.165
162,2946091,81,1000,133394,DEPOT->CUSTOMER,47.714,54.901
163,2946091,82,1000,133395,CUSTOMER->DEPOT,50.028,54.714
164,2946091,82,1000,133395,DEPOT->CUSTOMER,49.724,54.703
165,2946091,83,1000,923124,CUSTOMER->DEPOT,21.067,22.726
166,2946091,83,1000,923124,DEPOT->CUSTOMER,21.328,23.309
167,2946091,84,1000,7634,CUSTOMER->DEPOT,24.712,30.305
168,2946091,84,1000,7634,DEPOT->CUSTOMER,24.159,29.931
169,2946091,85,1000,135717,CUSTOMER->DEPOT,25.932,29.491
170,2946091,85,1000,135717,DEPOT->CUSTOMER,25.946,29.524
171,2946091,86,1000,145229,CUSTOMER->DEPOT,0.847,1.881
172,2946091,86,1000,145229,DEPOT->CUSTOMER,0.847,1.881
173,2946091,87,1000,1387,CUSTOMER->DEPOT,28.786,30.074
174,2946091,87,1000,1387,DEPOT->CUSTOMER,28.742,30.03
175,2946091,88,1000,921035,CUSTOMER->DEPOT,30.63,31.977
176,2946091,88,1000,921035,DEPOT->CUSTOMER,30.586,31.933
177,2946091,89,1000,923716,CUSTOMER->DEPOT,51.954,58.96
178,2946091,89,1000,923716,DEPOT->CUSTOMER,51.457,58.696
179,2946091,90,1000,139432,CUSTOMER->DEPOT,2.949,3.696
180,2946091,90,1000,139432,DEPOT->CUSTOMER,2.949,3.696
181,2946091,91,1000,921932,CUSTOMER->DEPOT,47.037,51.678
182,2946091,91,1000,921932,DEPOT->CUSTOMER,47.154,51.788
183,2946091,92,1000,922911,CUSTOMER->DEPOT,71.911,74.459
184,2946091,92,1000,922911,DEPOT->CUSTOMER,71.039,74.36
185,2946091,93,1000,923700,DEPOT->CUSTOMER,26.632,30.206
186,2946091,93,1000,923700,CUSTOMER->DEPOT,26.618,30.173
187,2946091,94,1000,920968,DEPOT->CUSTOMER,22.801,25.916
188,2946091,94,1000,920968,CUSTOMER->DEPOT,22.789,25.872
189,2946091,95,1000,921042,DEPOT->CUSTOMER,65.097,67.276
190,2946091,95,1000,921042,CUSTOMER->DEPOT,65.179,67.353
191,2946091,96,1000,145171,DEPOT->CUSTOMER,29.669,30.921
192,2946091,96,1000,145171,CUSTOMER->DEPOT,29.713,30.965
193,2946091,97,1000,145160,DEPOT->CUSTOMER,4.456,5.225
194,2946091,97,1000,145160,CUSTOMER->DEPOT,4.47,5.236
195,2946091,98,1000,140401,DEPOT->CUSTOMER,23.401,26.84
196,2946091,98,1000,140401,CUSTOMER->DEPOT,23.389,26.807
197,2946091,99,1000,921231,DEPOT->CUSTOMER,56.997,60.016
198,2946091,99,1000,921231,CUSTOMER->DEPOT,57.478,60.28
199,2946091,100,1000,133893,DEPOT->CUSTOMER,65.13,67.529
200,2946091,100,1000,133893,CUSTOMER->DEPOT,65.078,67.375
201,2946091,101,1000,923322,DEPOT->CUSTOMER,20.977,23.738
202,2946091,101,1000,923322,CUSTOMER->DEPOT,21.519,24.057
203,2946091,102,1000,136297,DEPOT->CUSTOMER,11.2,12.177
204,2946091,102,1000,136297,CUSTOMER->DEPOT,11.214,12.199
205,2946091,103,1000,1676,DEPOT->CUSTOMER,46.32,50.941
206,2946091,103,1000,1676,CUSTOMER->DEPOT,46.203,50.831
207,2946091,104,1000,1805,DEPOT->CUSTOMER,1.921,3.212
208,2946091,104,1000,1805,CUSTOMER->DEPOT,1.82,3.08
209,2946091,105,1000,923762,DEPOT->CUSTOMER,65.2,67.54
210,2946091,105,1000,923762,CUSTOMER->DEPOT,65.283,67.628
211,2946091,106,1000,140023,DEPOT->CUSTOMER,31.351,32.923
212,2946091,106,1000,140023,CUSTOMER->DEPOT,31.395,32.967
213,2946091,107,1000,1665,DEPOT->CUSTOMER,65.327,67.859
214,2946091,107,1000,1665,CUSTOMER->DEPOT,65.41,67.947
215,2922001,1,1000,138642,DEPOT->CUSTOMER,125.617,130.636
216,2922001,1,1000,138642,CUSTOMER->DEPOT,126.103,130.097
217,2922001,2,1000,1080,DEPOT->CUSTOMER,0.606,1.353
218,2922001,2,1000,1080,CUSTOMER->DEPOT,0.606,1.353
219,2922001,3,1000,138315,DEPOT->CUSTOMER,20.432,21.78
220,2922001,3,1000,138315,CUSTOMER->DEPOT,20.434,21.78
221,2922001,4,1000,587,DEPOT->CUSTOMER,28.349,36.124
222,2922001,4,1000,587,CUSTOMER->DEPOT,28.349,36.124
223,2922001,5,1000,921607,DEPOT->CUSTOMER,28.02,35.739
224,2922001,5,1000,921607,CUSTOMER->DEPOT,27.999,35.717
225,2922001,6,1000,135890,DEPOT->CUSTOMER,28.178,35.937
226,2922001,6,1000,135890,CUSTOMER->DEPOT,28.178,35.937
227,2922001,7,1000,138089,DEPOT->CUSTOMER,21.731,22.957
228,2922001,7,1000,138089,CUSTOMER->DEPOT,21.605,22.814
229,2922001,8,1000,140114,DEPOT->CUSTOMER,107.439,111.474
230,2922001,8,1000,140114,CUSTOMER->DEPOT,107.915,111.738
231,2922001,9,1000,12632,DEPOT->CUSTOMER,117.638,135.476
232,2922001,9,1000,12632,CUSTOMER->DEPOT,118.087,135.773
233,2922001,10,1000,920597,DEPOT->CUSTOMER,33.149,39.127
234,2922001,10,1000,920597,CUSTOMER->DEPOT,33.228,39.347
235,2922001,11,1000,142817,DEPOT->CUSTOMER,21.337,22.781
236,2922001,11,1000,142817,CUSTOMER->DEPOT,21.152,22.638
237,2922001,12,1000,920532,DEPOT->CUSTOMER,128.081,134.123
238,2922001,12,1000,920532,CUSTOMER->DEPOT,128.948,134.222
239,2922001,13,1000,923922,DEPOT->CUSTOMER,125.191,129.976
240,2922001,13,1000,923922,CUSTOMER->DEPOT,126.071,130.086
241,2922001,14,1000,352,DEPOT->CUSTOMER,20.405,21.428
242,2922001,14,1000,352,CUSTOMER->DEPOT,20.413,21.439
243,2922001,15,1000,924068,DEPOT->CUSTOMER,127.044,132.968
244,2922001,15,1000,924068,CUSTOMER->DEPOT,127.911,133.067
245,2922001,16,1000,137731,DEPOT->CUSTOMER,23.785,27.665
246,2922001,16,1000,137731,CUSTOMER->DEPOT,23.771,27.632
247,2922001,17,1000,920120,DEPOT->CUSTOMER,125.828,131.571
248,2922001,17,1000,920120,CUSTOMER->DEPOT,126.73,131.681
249,2922001,18,1000,138643,DEPOT->CUSTOMER,125.205,130.031
250,2922001,18,1000,138643,CUSTOMER->DEPOT,126.085,130.141
251,2922001,19,1000,920105,DEPOT->CUSTOMER,81.498,84.469
252,2922001,19,1000,920105,CUSTOMER->DEPOT,82.37,84.568
253,2922001,20,1000,922636,DEPOT->CUSTOMER,29.251,32.857
254,2922001,20,1000,922636,CUSTOMER->DEPOT,29.237,32.824
255,2922001,21,1000,142550,DEPOT->CUSTOMER,116.05,132.638
256,2922001,21,1000,142550,CUSTOMER->DEPOT,116.525,132.88
257,2922001,22,1000,141004,DEPOT->CUSTOMER,11.284,12.155
258,2922001,22,1000,141004,CUSTOMER->DEPOT,11.298,12.177
259,2922001,23,1000,923163,DEPOT->CUSTOMER,30.163,33.66
260,2922001,23,1000,923163,CUSTOMER->DEPOT,30.138,33.638
261,2922001,24,1000,15020,DEPOT->CUSTOMER,20.986,22.583
262,2922001,24,1000,15020,CUSTOMER->DEPOT,20.961,22.539
263,2922001,25,1000,15021,DEPOT->CUSTOMER,20.408,21.571
264,2922001,25,1000,15021,CUSTOMER->DEPOT,20.41,21.571
265,2922001,26,1000,15026,DEPOT->CUSTOMER,1.788,3.091
266,2922001,26,1000,15026,CUSTOMER->DEPOT,2.003,3.366
267,2922001,27,1000,144810,DEPOT->CUSTOMER,125.737,130.977
268,2922001,27,1000,144810,CUSTOMER->DEPOT,126.618,131.087
269,2922001,28,1000,136088,DEPOT->CUSTOMER,21.376,22.913
270,2922001,28,1000,136088,CUSTOMER->DEPOT,21.113,22.506
271,2922001,29,1000,136174,DEPOT->CUSTOMER,30.162,33.66
272,2922001,29,1000,136174,CUSTOMER->DEPOT,30.136,33.638
273,2922001,30,1000,921615,DEPOT->CUSTOMER,108.01,112.299
274,2922001,30,1000,921615,CUSTOMER->DEPOT,108.486,112.563
275,2922001,31,1000,920284,DEPOT->CUSTOMER,115.738,122.936
276,2922001,31,1000,920284,CUSTOMER->DEPOT,116.218,123.2
277,2922001,32,1000,9,DEPOT->CUSTOMER,57.577,60.423
278,2922001,32,1000,9,CUSTOMER->DEPOT,58.053,60.687
279,2922001,33,1000,144284,DEPOT->CUSTOMER,60.801,64.889
280,2922001,33,1000,144284,CUSTOMER->DEPOT,61.277,65.142
281,2922001,34,1000,144285,DEPOT->CUSTOMER,59.019,62.469
282,2922001,34,1000,144285,CUSTOMER->DEPOT,59.495,62.722
283,2922001,35,1000,7572,DEPOT->CUSTOMER,20.894,22.396
284,2922001,35,1000,7572,CUSTOMER->DEPOT,20.902,22.407
285,2922001,36,1000,586,DEPOT->CUSTOMER,59.76,62.645
286,2922001,36,1000,586,CUSTOMER->DEPOT,60.236,62.909
287,2922001,37,1000,137599,DEPOT->CUSTOMER,125.95,131.087
288,2922001,37,1000,137599,CUSTOMER->DEPOT,126.812,130.966
289,2922001,38,1000,137634,DEPOT->CUSTOMER,21.749,23.672
290,2922001,38,1000,137634,CUSTOMER->DEPOT,21.757,23.683
291,2922001,39,1000,138929,DEPOT->CUSTOMER,127.066,132.715
292,2922001,39,1000,138929,CUSTOMER->DEPOT,127.933,132.814
293,2922001,40,1000,921090,DEPOT->CUSTOMER,125.783,131.131
294,2922001,40,1000,921090,CUSTOMER->DEPOT,126.663,131.241
295,2922001,41,1000,142832,DEPOT->CUSTOMER,125.825,130.889
296,2922001,41,1000,142832,CUSTOMER->DEPOT,126.705,130.999
297,2922001,42,1000,142873,DEPOT->CUSTOMER,126.395,131.307
298,2922001,42,1000,142873,CUSTOMER->DEPOT,127.293,131.472
299,2922001,43,1000,139925,DEPOT->CUSTOMER,58.665,61.534
300,2922001,43,1000,139925,CUSTOMER->DEPOT,59.141,61.798
301,2922001,44,1000,133537,DEPOT->CUSTOMER,20.113,21.12
302,2922001,44,1000,133537,CUSTOMER->DEPOT,20.121,21.131
303,2922001,45,1000,141516,DEPOT->CUSTOMER,32.838,38.368
304,2922001,45,1000,141516,CUSTOMER->DEPOT,32.795,38.324
305,2922001,46,1000,136885,DEPOT->CUSTOMER,28.385,36.157
306,2922001,46,1000,136885,CUSTOMER->DEPOT,28.364,36.135
307,2922001,47,1000,10825,DEPOT->CUSTOMER,23.633,27.291
308,2922001,47,1000,10825,CUSTOMER->DEPOT,23.401,27.038
309,2922001,48,1000,10564,DEPOT->CUSTOMER,128.512,134.761
310,2922001,48,1000,10564,CUSTOMER->DEPOT,129.379,134.86
311,2922001,49,1000,320,DEPOT->CUSTOMER,113.23,120.428
312,2922001,49,1000,320,CUSTOMER->DEPOT,113.709,120.703
313,2922001,50,1000,143063,DEPOT->CUSTOMER,32.134,41.888
314,2922001,50,1000,143063,CUSTOMER->DEPOT,32.16,41.734
315,2922001,51,1000,1619,DEPOT->CUSTOMER,58.73,61.699
316,2922001,51,1000,1619,CUSTOMER->DEPOT,59.206,61.952
317,2922001,52,1000,7585,DEPOT->CUSTOMER,115.546,123.398
318,2922001,52,1000,7585,CUSTOMER->DEPOT,116.026,123.662
319,2922001,53,1000,1973,DEPOT->CUSTOMER,58.405,61.281
320,2922001,53,1000,1973,CUSTOMER->DEPOT,58.881,61.545
321,2922001,54,1000,742,DEPOT->CUSTOMER,28.324,36.19
322,2922001,54,1000,742,CUSTOMER->DEPOT,28.324,36.19
323,2922001,55,1000,740,DEPOT->CUSTOMER,28.387,36.278
324,2922001,55,1000,740,CUSTOMER->DEPOT,28.387,36.278
325,2922001,56,1000,7525,DEPOT->CUSTOMER,1.997,3.421
326,2922001,56,1000,7525,CUSTOMER->DEPOT,1.857,3.234
327,2922001,57,1000,15202,DEPOT->CUSTOMER,2.133,3.608
328,2922001,57,1000,15202,CUSTOMER->DEPOT,2.532,4.125
329,2922001,58,1000,15206,DEPOT->CUSTOMER,19.637,21.318
330,2922001,58,1000,15206,CUSTOMER->DEPOT,19.445,20.999
331,2922001,59,1000,15209,DEPOT->CUSTOMER,31.638,35.629
332,2922001,59,1000,15209,CUSTOMER->DEPOT,31.595,35.585
333,2922001,60,1000,15247,DEPOT->CUSTOMER,20.624,22.044
334,2922001,60,1000,15247,CUSTOMER->DEPOT,20.626,22.044
335,2922001,61,1000,15249,DEPOT->CUSTOMER,20.873,22.297
336,2922001,61,1000,15249,CUSTOMER->DEPOT,20.865,22.297
337,2922001,62,1000,15250,DEPOT->CUSTOMER,19.904,21.296
338,2922001,62,1000,15250,CUSTOMER->DEPOT,19.91,21.307
339,2922001,63,1000,15251,DEPOT->CUSTOMER,21.047,23.474
340,2922001,63,1000,15251,CUSTOMER->DEPOT,21.041,23.463
341,2922001,64,1000,15252,DEPOT->CUSTOMER,31.081,33.528
342,2922001,64,1000,15252,CUSTOMER->DEPOT,31.562,33.792
343,2922001,65,1000,15253,DEPOT->CUSTOMER,21.503,23.452
344,2922001,65,1000,15253,CUSTOMER->DEPOT,21.491,23.683
345,2922001,66,1000,15328,DEPOT->CUSTOMER,20.812,22.165
346,2922001,66,1000,15328,CUSTOMER->DEPOT,20.869,22.308
347,2922001,67,1000,139007,DEPOT->CUSTOMER,21.399,22.99
348,2922001,67,1000,139007,CUSTOMER->DEPOT,21.09,22.429
349,2922001,68,1000,1031,DEPOT->CUSTOMER,125.818,130.922
350,2922001,68,1000,1031,CUSTOMER->DEPOT,126.838,131.219
351,2922001,69,1000,145260,DEPOT->CUSTOMER,125.748,131.01
352,2922001,69,1000,145260,CUSTOMER->DEPOT,126.629,131.131
353,2922001,70,1000,922087,DEPOT->CUSTOMER,81.654,84.711
354,2922001,70,1000,922087,CUSTOMER->DEPOT,82.525,84.81
355,2922001,71,1000,923817,DEPOT->CUSTOMER,31.305,33.088
356,2922001,71,1000,923817,CUSTOMER->DEPOT,31.331,32.934
357,2922001,72,1000,1709,DEPOT->CUSTOMER,20.965,22.473
358,2922001,72,1000,1709,CUSTOMER->DEPOT,20.973,22.484
359,2922001,73,1000,15189,DEPOT->CUSTOMER,32.623,37.785
360,2922001,73,1000,15189,CUSTOMER->DEPOT,32.605,37.796
361,2922001,74,1000,921523,DEPOT->CUSTOMER,20.026,26.84
362,2922001,74,1000,921523,CUSTOMER->DEPOT,20.026,26.84
363,2922001,75,1000,920497,CUSTOMER->DEPOT,31.934,36.322
364,2922001,75,1000,920497,DEPOT->CUSTOMER,31.977,36.366
365,2922001,76,1000,920118,DEPOT->CUSTOMER,28.032,35.739
366,2922001,76,1000,920118,CUSTOMER->DEPOT,28.032,35.739
367,2922001,77,1000,923033,CUSTOMER->DEPOT,3.416,5.434
368,2922001,77,1000,923033,DEPOT->CUSTOMER,3.018,4.906
369,2922001,78,1000,142634,CUSTOMER->DEPOT,20.367,22.308
370,2922001,78,1000,142634,DEPOT->CUSTOMER,20.343,22.253
371,2922001,79,1000,923731,DEPOT->CUSTOMER,27.985,35.695
372,2922001,79,1000,923731,CUSTOMER->DEPOT,27.964,35.673
373,2922001,80,1000,360,DEPOT->CUSTOMER,28.664,36.443
374,2922001,80,1000,360,CUSTOMER->DEPOT,28.643,36.421
375,2922001,81,1000,990,CUSTOMER->DEPOT,22.503,25.278
376,2922001,81,1000,990,DEPOT->CUSTOMER,22.515,25.311
377,2922001,82,1000,140883,DEPOT->CUSTOMER,126.904,131.769
378,2922001,82,1000,140883,CUSTOMER->DEPOT,127.802,131.934
379,2922001,83,1000,1487,DEPOT->CUSTOMER,5.244,6.259
380,2922001,83,1000,1487,CUSTOMER->DEPOT,5.258,6.281
381,2922001,84,1000,136298,DEPOT->CUSTOMER,25.638,33.803
382,2922001,84,1000,136298,CUSTOMER->DEPOT,25.638,33.803
383,2922001,85,1000,923132,CUSTOMER->DEPOT,32.794,34.419
384,2922001,85,1000,923132,DEPOT->CUSTOMER,32.768,34.573
385,2922001,86,1000,131242,DEPOT->CUSTOMER,19.758,26.565
386,2922001,86,1000,131242,CUSTOMER->DEPOT,19.758,26.565
387,2922001,87,1000,131246,DEPOT->CUSTOMER,4.467,5.357
388,2922001,87,1000,131246,CUSTOMER->DEPOT,4.48,5.368
389,2922001,88,1000,139984,DEPOT->CUSTOMER,32.8,36.322
390,2922001,88,1000,139984,CUSTOMER->DEPOT,32.707,36.223
391,2922001,89,1000,923634,CUSTOMER->DEPOT,109.904,113.993
392,2922001,89,1000,923634,DEPOT->CUSTOMER,109.428,113.729
393,2922001,90,1000,1346,DEPOT->CUSTOMER,8.231,9.064
394,2922001,90,1000,1346,CUSTOMER->DEPOT,8.231,9.064
395,2922001,91,1000,133290,DEPOT->CUSTOMER,20.956,22.484
396,2922001,91,1000,133290,CUSTOMER->DEPOT,20.957,22.506
397,2922001,92,1000,142977,DEPOT->CUSTOMER,115.396,131.791
398,2922001,92,1000,142977,CUSTOMER->DEPOT,115.799,131.956
399,2922001,93,1000,920241,CUSTOMER->DEPOT,118.2,123.893
400,2922001,93,1000,920241,DEPOT->CUSTOMER,118.333,124.047
401,2922001,94,1000,138840,DEPOT->CUSTOMER,116.185,132.77
402,2922001,94,1000,138840,CUSTOMER->DEPOT,116.66,133.023
403,2922001,95,1000,922508,DEPOT->CUSTOMER,115.223,131.78
404,2922001,95,1000,922508,CUSTOMER->DEPOT,115.698,132.022
405,2922001,96,1000,142177,DEPOT->CUSTOMER,57.17,60.401
406,2922001,96,1000,142177,CUSTOMER->DEPOT,57.652,60.665
407,2922001,97,1000,144550,CUSTOMER->DEPOT,126.753,130.878
408,2922001,97,1000,144550,DEPOT->CUSTOMER,125.873,130.735
409,2922001,98,1000,138579,CUSTOMER->DEPOT,20.896,22.407
410,2922001,98,1000,138579,DEPOT->CUSTOMER,20.887,22.396
411,2922001,99,1000,139927,DEPOT->CUSTOMER,57.826,60.676
412,2922001,99,1000,139927,CUSTOMER->DEPOT,58.302,60.94
413,2922001,100,1000,920324,CUSTOMER->DEPOT,126.738,131.263
414,2922001,100,1000,920324,DEPOT->CUSTOMER,125.858,131.153
415,2922001,101,1000,142811,DEPOT->CUSTOMER,117.902,123.684
416,2922001,101,1000,142811,CUSTOMER->DEPOT,117.769,123.541
417,2922001,102,1000,142263,DEPOT->CUSTOMER,117.823,123.596
418,2922001,102,1000,142263,CUSTOMER->DEPOT,117.69,123.442
419,2922001,103,1000,307,DEPOT->CUSTOMER,32.536,37.598
420,2922001,103,1000,307,CUSTOMER->DEPOT,32.493,37.554
421,2922001,104,1000,760,CUSTOMER->DEPOT,31.57,40.612
422,2922001,104,1000,760,DEPOT->CUSTOMER,31.544,40.766
423,2922001,105,1000,136524,CUSTOMER->DEPOT,28.242,29.92
424,2922001,105,1000,136524,DEPOT->CUSTOMER,28.216,30.085
425,2922001,106,1000,136525,CUSTOMER->DEPOT,32.357,42.174
426,2922001,106,1000,136525,DEPOT->CUSTOMER,32.331,42.328
427,2922001,107,1000,137380,DEPOT->CUSTOMER,125.801,130.779
428,2922001,107,1000,137380,CUSTOMER->DEPOT,126.668,130.878
429,2922001,108,1000,921969,CUSTOMER->DEPOT,5.626,6.677
430,2922001,108,1000,921969,DEPOT->CUSTOMER,5.612,6.655
431,2922001,109,1000,1007,DEPOT->CUSTOMER,125.827,130.68
432,2922001,109,1000,1007,CUSTOMER->DEPOT,126.58,130.647
433,2922001,110,1000,920208,DEPOT->CUSTOMER,116.686,123.717
434,2922001,110,1000,920208,CUSTOMER->DEPOT,117.166,123.992
435,2922001,111,1000,139814,CUSTOMER->DEPOT,32.425,34.045
436,2922001,111,1000,139814,DEPOT->CUSTOMER,32.399,34.199
437,2922001,112,1000,1886,DEPOT->CUSTOMER,28.924,36.806
438,2922001,112,1000,1886,CUSTOMER->DEPOT,28.903,36.784
439,2922001,113,1000,1078,DEPOT->CUSTOMER,0.161,0.429
440,2922001,113,1000,1078,CUSTOMER->DEPOT,0.161,0.429
441,2922001,114,1000,141650,CUSTOMER->DEPOT,116.572,124.256
442,2922001,114,1000,141650,DEPOT->CUSTOMER,116.093,123.992
443,2922001,115,1000,140975,DEPOT->CUSTOMER,21.82,23.43
444,2922001,115,1000,140975,CUSTOMER->DEPOT,21.488,22.935
445,2922001,116,1000,142178,DEPOT->CUSTOMER,56.396,59.631
446,2922001,116,1000,142178,CUSTOMER->DEPOT,57.69,60.324
447,2922001,117,1000,921561,CUSTOMER->DEPOT,38.609,40.942
448,2922001,117,1000,921561,DEPOT->CUSTOMER,38.127,40.678
449,2922001,118,1000,143271,DEPOT->CUSTOMER,58.02,61.336
450,2922001,118,1000,143271,CUSTOMER->DEPOT,58.496,61.6
451,2922001,119,1000,137667,DEPOT->CUSTOMER,107.432,111.463
452,2922001,119,1000,137667,CUSTOMER->DEPOT,107.908,111.727
453,2922001,120,1000,137662,CUSTOMER->DEPOT,116.149,123.002
454,2922001,120,1000,137662,DEPOT->CUSTOMER,115.669,122.738
455,2922001,121,1000,137663,DEPOT->CUSTOMER,58.261,61.281
456,2922001,121,1000,137663,CUSTOMER->DEPOT,58.738,61.545
457,2922001,122,1000,136297,DEPOT->CUSTOMER,11.2,12.177
458,2922001,122,1000,136297,CUSTOMER->DEPOT,11.214,12.199
459,2922001,123,1000,139709,CUSTOMER->DEPOT,34.105,35.838
460,2922001,123,1000,139709,DEPOT->CUSTOMER,34.079,35.992
461,2922001,124,1000,1938,DEPOT->CUSTOMER,57.952,60.808
462,2922001,124,1000,1938,CUSTOMER->DEPOT,58.428,61.072
463,2922001,125,1000,1805,DEPOT->CUSTOMER,1.921,3.212
464,2922001,125,1000,1805,CUSTOMER->DEPOT,1.82,3.08
465,2922001,126,1000,992,CUSTOMER->DEPOT,116.633,124.432
466,2922001,126,1000,992,DEPOT->CUSTOMER,116.153,124.168
467,2922001,127,1000,921453,DEPOT->CUSTOMER,115.463,122.606
468,2922001,127,1000,921453,CUSTOMER->DEPOT,115.943,122.87
469,2922001,128,1000,138343,DEPOT->CUSTOMER,115.497,122.683
470,2922001,128,1000,138343,CUSTOMER->DEPOT,115.977,122.947
471,2922001,129,1000,139129,CUSTOMER->DEPOT,115.302,122.199
472,2922001,129,1000,139129,DEPOT->CUSTOMER,114.822,121.935
473,2922001,130,1000,1173,DEPOT->CUSTOMER,21.67,23.551
474,2922001,130,1000,1173,CUSTOMER->DEPOT,21.679,23.562
475,2939484,1,1000,587,DEPOT->CUSTOMER,28.349,36.124
476,2939484,1,1000,587,CUSTOMER->DEPOT,28.349,36.124
477,2939484,2,1000,139381,DEPOT->CUSTOMER,120.193,128.821
478,2939484,2,1000,139381,CUSTOMER->DEPOT,120.234,128.865
479,2939484,3,1000,15362,DEPOT->CUSTOMER,97.191,105.622
480,2939484,3,1000,15362,CUSTOMER->DEPOT,97.495,105.622
481,2939484,4,1000,144593,DEPOT->CUSTOMER,95.007,102.289
482,2939484,4,1000,144593,CUSTOMER->DEPOT,95.312,102.289
483,2939484,5,1000,1408,DEPOT->CUSTOMER,21.388,23.408
484,2939484,5,1000,1408,CUSTOMER->DEPOT,21.378,23.419
485,2939484,6,1000,923163,DEPOT->CUSTOMER,30.163,33.66
486,2939484,6,1000,923163,CUSTOMER->DEPOT,30.138,33.638
487,2939484,7,1000,15031,DEPOT->CUSTOMER,99.976,102.795
488,2939484,7,1000,15031,CUSTOMER->DEPOT,99.644,102.509
489,2939484,8,1000,136174,DEPOT->CUSTOMER,30.162,33.66
490,2939484,8,1000,136174,CUSTOMER->DEPOT,30.136,33.638
491,2939484,9,1000,139459,DEPOT->CUSTOMER,94.918,102.047
492,2939484,9,1000,139459,CUSTOMER->DEPOT,95.222,102.058
493,2939484,10,1000,923170,DEPOT->CUSTOMER,96.836,104.852
494,2939484,10,1000,923170,CUSTOMER->DEPOT,97.14,104.852
495,2939484,11,1000,920420,DEPOT->CUSTOMER,95.311,102.476
496,2939484,11,1000,920420,CUSTOMER->DEPOT,95.615,102.476
497,2939484,12,1000,137634,DEPOT->CUSTOMER,21.749,23.672
498,2939484,12,1000,137634,CUSTOMER->DEPOT,21.757,23.683
499,2939484,13,1000,137637,DEPOT->CUSTOMER,66.673,70.895
500,2939484,13,1000,137637,CUSTOMER->DEPOT,66.659,70.862
501,2939484,14,1000,922111,DEPOT->CUSTOMER,21.456,22.484
502,2939484,14,1000,922111,CUSTOMER->DEPOT,21.468,22.495
503,2939484,15,1000,131752,DEPOT->CUSTOMER,100.105,103.279
504,2939484,15,1000,131752,CUSTOMER->DEPOT,99.768,102.927
505,2939484,16,1000,15308,DEPOT->CUSTOMER,99.637,102.322
506,2939484,16,1000,15308,CUSTOMER->DEPOT,99.678,102.355
507,2939484,17,1000,1564,DEPOT->CUSTOMER,22.566,25.454
508,2939484,17,1000,1564,CUSTOMER->DEPOT,22.554,25.421
509,2939484,18,1000,922169,DEPOT->CUSTOMER,42.639,45.089
510,2939484,18,1000,922169,CUSTOMER->DEPOT,49.183,49.896
511,2939484,19,1000,10825,DEPOT->CUSTOMER,23.633,27.291
512,2939484,19,1000,10825,CUSTOMER->DEPOT,23.401,27.038
513,2939484,20,1000,136683,DEPOT->CUSTOMER,98.825,106.062
514,2939484,20,1000,136683,CUSTOMER->DEPOT,99.129,106.073
515,2939484,21,1000,1657,DEPOT->CUSTOMER,99.856,102.399
516,2939484,21,1000,1657,CUSTOMER->DEPOT,99.843,102.388
517,2939484,22,1000,1072,DEPOT->CUSTOMER,96.393,103.609
518,2939484,22,1000,1072,CUSTOMER->DEPOT,96.697,103.62
519,2939484,23,1000,142318,DEPOT->CUSTOMER,78.902,80.993
520,2939484,23,1000,142318,CUSTOMER->DEPOT,78.944,81.037
521,2939484,24,1000,838,DEPOT->CUSTOMER,73.251,89.177
522,2939484,24,1000,838,CUSTOMER->DEPOT,73.334,89.265
523,2939484,25,1000,1065,DEPOT->CUSTOMER,98.314,105.501
524,2939484,25,1000,1065,CUSTOMER->DEPOT,98.618,105.501
525,2939484,26,1000,143063,DEPOT->CUSTOMER,32.134,41.888
526,2939484,26,1000,143063,CUSTOMER->DEPOT,32.16,41.734
527,2939484,27,1000,742,DEPOT->CUSTOMER,28.324,36.19
528,2939484,27,1000,742,CUSTOMER->DEPOT,28.324,36.19
529,2939484,28,1000,7896,DEPOT->CUSTOMER,67.526,71.775
530,2939484,28,1000,7896,CUSTOMER->DEPOT,67.475,71.709
531,2939484,29,1000,15161,DEPOT->CUSTOMER,99.857,102.399
532,2939484,29,1000,15161,CUSTOMER->DEPOT,99.52,102.047
533,2939484,30,1000,15209,DEPOT->CUSTOMER,31.638,35.629
534,2939484,30,1000,15209,CUSTOMER->DEPOT,31.595,35.585
535,2939484,31,1000,15210,DEPOT->CUSTOMER,96.038,103.18
536,2939484,31,1000,15210,CUSTOMER->DEPOT,96.342,103.191
537,2939484,32,1000,921336,DEPOT->CUSTOMER,21.254,23.111
538,2939484,32,1000,921336,CUSTOMER->DEPOT,21.244,23.122
539,2939484,33,1000,142687,DEPOT->CUSTOMER,99.35,101.992
540,2939484,33,1000,142687,CUSTOMER->DEPOT,99.392,102.036
541,2939484,34,1000,7552,DEPOT->CUSTOMER,31.714,35.794
542,2939484,34,1000,7552,CUSTOMER->DEPOT,31.671,35.75
543,2939484,35,1000,1097,DEPOT->CUSTOMER,96.838,103.994
544,2939484,35,1000,1097,CUSTOMER->DEPOT,97.142,104.005
545,2939484,36,1000,136677,DEPOT->CUSTOMER,97.844,107.052
546,2939484,36,1000,136677,CUSTOMER->DEPOT,98.148,107.052
547,2939484,37,1000,1664,DEPOT->CUSTOMER,99.784,102.542
548,2939484,37,1000,1664,CUSTOMER->DEPOT,99.825,102.575
549,2939484,38,1000,922656,DEPOT->CUSTOMER,99.519,102.102
550,2939484,38,1000,922656,CUSTOMER->DEPOT,99.56,102.146
551,2939484,39,1000,922137,DEPOT->CUSTOMER,99.853,102.399
552,2939484,39,1000,922137,CUSTOMER->DEPOT,99.84,102.377
553,2939484,40,1000,920497,DEPOT->CUSTOMER,31.977,36.366
554,2939484,40,1000,920497,CUSTOMER->DEPOT,31.934,36.322
555,2939484,41,1000,1149,DEPOT->CUSTOMER,32.631,37.818
556,2939484,41,1000,1149,CUSTOMER->DEPOT,32.549,37.686
557,2939484,42,1000,990,DEPOT->CUSTOMER,22.515,25.311
558,2939484,42,1000,990,CUSTOMER->DEPOT,22.503,25.278
559,2939484,43,1000,131250,DEPOT->CUSTOMER,22.484,26.103
560,2939484,43,1000,131250,CUSTOMER->DEPOT,23.085,26.587
561,2939484,44,1000,131251,DEPOT->CUSTOMER,32.876,38.346
562,2939484,44,1000,131251,CUSTOMER->DEPOT,32.955,38.566
563,2939484,45,1000,131252,DEPOT->CUSTOMER,31.653,35.662
564,2939484,45,1000,131252,CUSTOMER->DEPOT,31.61,35.618
565,2939484,46,1000,131247,DEPOT->CUSTOMER,21.967,24.002
566,2939484,46,1000,131247,CUSTOMER->DEPOT,21.49,24.035
567,2939484,47,1000,921003,DEPOT->CUSTOMER,21.248,23.122
568,2939484,47,1000,921003,CUSTOMER->DEPOT,21.247,23.133
569,2939484,48,1000,922014,DEPOT->CUSTOMER,4.047,4.994
570,2939484,48,1000,922014,CUSTOMER->DEPOT,4.047,4.994
571,2939484,49,1000,132531,DEPOT->CUSTOMER,19.958,21.406
572,2939484,49,1000,132531,CUSTOMER->DEPOT,19.963,21.417
573,2939484,50,1000,1071,DEPOT->CUSTOMER,95.956,103.103
574,2939484,50,1000,1071,CUSTOMER->DEPOT,96.26,103.114
575,2939484,51,1000,922045,DEPOT->CUSTOMER,95.014,102.311
576,2939484,51,1000,922045,CUSTOMER->DEPOT,95.318,102.311
577,2939484,52,1000,920631,DEPOT->CUSTOMER,33.594,39.93
578,2939484,52,1000,920631,CUSTOMER->DEPOT,33.551,39.886
579,2939484,53,1000,1405,DEPOT->CUSTOMER,29.912,31.075
580,2939484,53,1000,1405,CUSTOMER->DEPOT,29.915,31.075
581,2939484,54,1000,1077,DEPOT->CUSTOMER,98.752,106.073
582,2939484,54,1000,1077,CUSTOMER->DEPOT,99.056,106.084
583,2939484,55,1000,140062,DEPOT->CUSTOMER,74.248,89.65
584,2939484,55,1000,140062,CUSTOMER->DEPOT,74.306,89.716
585,2939484,56,1000,131279,DEPOT->CUSTOMER,99.626,102.498
586,2939484,56,1000,131279,CUSTOMER->DEPOT,99.667,102.542
587,2939484,57,1000,131280,DEPOT->CUSTOMER,99.473,102.069
588,2939484,57,1000,131280,CUSTOMER->DEPOT,99.514,102.113
589,2939484,58,1000,140048,DEPOT->CUSTOMER,30.368,33.913
590,2939484,58,1000,140048,CUSTOMER->DEPOT,30.275,33.825
591,2939484,59,1000,938,DEPOT->CUSTOMER,29.704,30.866
592,2939484,59,1000,938,CUSTOMER->DEPOT,29.707,30.866
593,2939484,60,1000,307,DEPOT->CUSTOMER,32.536,37.598
594,2939484,60,1000,307,CUSTOMER->DEPOT,32.493,37.554
595,2939484,61,1000,1075,DEPOT->CUSTOMER,99.684,106.975
596,2939484,61,1000,1075,CUSTOMER->DEPOT,99.988,106.975
597,2939484,62,1000,142015,DEPOT->CUSTOMER,30.556,34.133
598,2939484,62,1000,142015,CUSTOMER->DEPOT,30.513,34.089
599,2939484,63,1000,920233,DEPOT->CUSTOMER,96.05,103.202
600,2939484,63,1000,920233,CUSTOMER->DEPOT,96.354,103.202
601,2939484,64,1000,969,DEPOT->CUSTOMER,32.35,37.213
602,2939484,64,1000,969,CUSTOMER->DEPOT,32.307,37.169
603,2939484,65,1000,920968,DEPOT->CUSTOMER,22.801,25.916
604,2939484,65,1000,920968,CUSTOMER->DEPOT,22.789,25.872
605,2939484,66,1000,131820,DEPOT->CUSTOMER,67.727,72.017
606,2939484,66,1000,131820,CUSTOMER->DEPOT,67.713,71.984
607,2939484,67,1000,923845,DEPOT->CUSTOMER,67.214,71.412
608,2939484,67,1000,923845,CUSTOMER->DEPOT,67.2,71.379
609,2939484,68,1000,138131,DEPOT->CUSTOMER,99.328,101.948
610,2939484,68,1000,138131,CUSTOMER->DEPOT,100.079,102.718
611,2939484,69,1000,922513,DEPOT->CUSTOMER,96.092,103.301
612,2939484,69,1000,922513,CUSTOMER->DEPOT,96.396,103.312
613,2939484,70,1000,921194,DEPOT->CUSTOMER,100.203,102.619
614,2939484,70,1000,921194,CUSTOMER->DEPOT,99.012,101.409
615,2939484,71,1000,921195,DEPOT->CUSTOMER,93.167,95.601
616,2939484,71,1000,921195,CUSTOMER->DEPOT,93.208,95.634
617,2939484,72,1000,921561,DEPOT->CUSTOMER,38.127,40.678
618,2939484,72,1000,921561,CUSTOMER->DEPOT,38.609,40.942
619,2939484,73,1000,923275,DEPOT->CUSTOMER,97.051,105.336
620,2939484,73,1000,923275,CUSTOMER->DEPOT,97.354,105.336
621,2939484,74,1000,922995,DEPOT->CUSTOMER,98.168,107.767
622,2939484,74,1000,922995,CUSTOMER->DEPOT,98.472,107.767
623,2939484,75,1000,168,DEPOT->CUSTOMER,63.32,65.351
624,2939484,75,1000,168,CUSTOMER->DEPOT,63.361,65.395
625,2939484,76,1000,1892,DEPOT->CUSTOMER,22.457,25.465
626,2939484,76,1000,1892,CUSTOMER->DEPOT,22.999,25.784
627,2939484,77,1000,1648,DEPOT->CUSTOMER,67.659,72.314
628,2939484,77,1000,1648,CUSTOMER->DEPOT,67.646,72.281
629,2939484,78,1000,136347,DEPOT->CUSTOMER,67.659,72.314
630,2939484,78,1000,136347,CUSTOMER->DEPOT,67.646,72.281
631,2939484,79,1000,923737,DEPOT->CUSTOMER,62.786,69.476
632,2939484,79,1000,923737,CUSTOMER->DEPOT,62.869,69.564
633,2958047,1,1000,1653,DEPOT->CUSTOMER,65.89,67.969
634,2958047,1,1000,1653,CUSTOMER->DEPOT,65.932,68.013
635,2958047,2,1000,135372,DEPOT->CUSTOMER,26.132,29.931
636,2958047,2,1000,135372,CUSTOMER->DEPOT,26.118,29.898
637,2958047,3,1000,138087,DEPOT->CUSTOMER,31.173,34.815
638,2958047,3,1000,138087,CUSTOMER->DEPOT,31.159,34.782
639,2958047,4,1000,138157,DEPOT->CUSTOMER,47.352,54.527
640,2958047,4,1000,138157,CUSTOMER->DEPOT,47.85,54.791
641,2958047,5,1000,139214,DEPOT->CUSTOMER,3.139,3.894
642,2958047,5,1000,139214,CUSTOMER->DEPOT,3.153,3.905
643,2958047,6,1000,921127,DEPOT->CUSTOMER,57.008,60.038
644,2958047,6,1000,921127,CUSTOMER->DEPOT,57.49,60.313
645,2958047,7,1000,920300,DEPOT->CUSTOMER,46.201,50.831
646,2958047,7,1000,920300,CUSTOMER->DEPOT,46.045,50.677
647,2958047,8,1000,921302,DEPOT->CUSTOMER,21.314,23.122
648,2958047,8,1000,921302,CUSTOMER->DEPOT,21.655,23.287
649,2958047,9,1000,1408,DEPOT->CUSTOMER,21.388,23.408
650,2958047,9,1000,1408,CUSTOMER->DEPOT,21.378,23.419
651,2958047,10,1000,204,DEPOT->CUSTOMER,66.171,69.069
652,2958047,10,1000,204,CUSTOMER->DEPOT,66.371,70.026
653,2958047,11,1000,923767,DEPOT->CUSTOMER,51.699,53.372
654,2958047,11,1000,923767,CUSTOMER->DEPOT,51.782,53.46
655,2958047,12,1000,141727,DEPOT->CUSTOMER,65.38,68.013
656,2958047,12,1000,141727,CUSTOMER->DEPOT,65.462,68.101
657,2958047,13,1000,138020,DEPOT->CUSTOMER,20.229,22.517
658,2958047,13,1000,138020,CUSTOMER->DEPOT,20.709,23.034
659,2958047,14,1000,920349,DEPOT->CUSTOMER,1.37,2.486
660,2958047,14,1000,920349,CUSTOMER->DEPOT,2.37,3.806
661,2958047,15,1000,920347,DEPOT->CUSTOMER,1.736,2.97
662,2958047,15,1000,920347,CUSTOMER->DEPOT,2.134,3.498
663,2958047,16,1000,920348,DEPOT->CUSTOMER,3.023,4.939
664,2958047,16,1000,920348,CUSTOMER->DEPOT,3.421,5.456
665,2958047,17,1000,15027,DEPOT->CUSTOMER,46.242,50.886
666,2958047,17,1000,15027,CUSTOMER->DEPOT,46.085,50.732
667,2958047,18,1000,137381,DEPOT->CUSTOMER,65.34,67.892
668,2958047,18,1000,137381,CUSTOMER->DEPOT,65.423,67.98
669,2958047,19,1000,1998,DEPOT->CUSTOMER,46.136,48.499
670,2958047,19,1000,1998,CUSTOMER->DEPOT,46.18,48.543
671,2958047,20,1000,140805,DEPOT->CUSTOMER,21.406,23.012
672,2958047,20,1000,140805,CUSTOMER->DEPOT,21.083,22.407
673,2958047,21,1000,145094,DEPOT->CUSTOMER,49.975,54.956
674,2958047,21,1000,145094,CUSTOMER->DEPOT,50.274,54.956
675,2958047,22,1000,1016,DEPOT->CUSTOMER,45.769,50.402
676,2958047,22,1000,1016,CUSTOMER->DEPOT,45.7,50.347
677,2958047,23,1000,10703,DEPOT->CUSTOMER,30.153,31.449
678,2958047,23,1000,10703,CUSTOMER->DEPOT,30.197,31.493
679,2958047,24,1000,131768,DEPOT->CUSTOMER,20.81,22.429
680,2958047,24,1000,131768,CUSTOMER->DEPOT,21.109,22.209
681,2958047,25,1000,131511,DEPOT->CUSTOMER,23.67,27.258
682,2958047,25,1000,131511,CUSTOMER->DEPOT,23.656,27.225
683,2958047,26,1000,1324,DEPOT->CUSTOMER,24.457,27.071
684,2958047,26,1000,1324,CUSTOMER->DEPOT,24.938,27.346
685,2958047,27,1000,923413,DEPOT->CUSTOMER,24.376,26.719
686,2958047,27,1000,923413,CUSTOMER->DEPOT,24.857,26.983
687,2958047,28,1000,10825,DEPOT->CUSTOMER,23.633,27.291
688,2958047,28,1000,10825,CUSTOMER->DEPOT,23.401,27.038
689,2958047,29,1000,1518,DEPOT->CUSTOMER,31.049,32.406
690,2958047,29,1000,1518,CUSTOMER->DEPOT,31.093,32.45
691,2958047,30,1000,921872,DEPOT->CUSTOMER,21.07,24.123
692,2958047,30,1000,921872,CUSTOMER->DEPOT,21.064,24.112
693,2958047,31,1000,1118,DEPOT->CUSTOMER,46.679,51.986
694,2958047,31,1000,1118,CUSTOMER->DEPOT,46.843,52.448
695,2958047,32,1000,1651,DEPOT->CUSTOMER,65.249,67.617
696,2958047,32,1000,1651,CUSTOMER->DEPOT,65.331,67.694
697,2958047,33,1000,131335,DEPOT->CUSTOMER,54.793,56.65
698,2958047,33,1000,131335,CUSTOMER->DEPOT,54.876,56.727
699,2958047,34,1000,15323,DEPOT->CUSTOMER,44.886,46.508
700,2958047,34,1000,15323,CUSTOMER->DEPOT,44.969,46.585
701,2958047,35,1000,739,DEPOT->CUSTOMER,39.269,41.987
702,2958047,35,1000,739,CUSTOMER->DEPOT,39.778,42.284
703,2958047,36,1000,738,DEPOT->CUSTOMER,50.717,55.759
704,2958047,36,1000,738,CUSTOMER->DEPOT,51.021,55.759
705,2958047,37,1000,7521,DEPOT->CUSTOMER,30.747,32.098
706,2958047,37,1000,7521,CUSTOMER->DEPOT,30.791,32.142
707,2958047,38,1000,7930,DEPOT->CUSTOMER,47.035,54.208
708,2958047,38,1000,7930,CUSTOMER->DEPOT,47.532,54.472
709,2958047,39,1000,7935,DEPOT->CUSTOMER,56.861,59.752
710,2958047,39,1000,7935,CUSTOMER->DEPOT,57.343,60.016
711,2958047,40,1000,7945,DEPOT->CUSTOMER,56.641,60.258
712,2958047,40,1000,7945,CUSTOMER->DEPOT,58.145,61.226
713,2958047,41,1000,7959,DEPOT->CUSTOMER,66.025,67.914
714,2958047,41,1000,7959,CUSTOMER->DEPOT,66.129,68.024
715,2958047,42,1000,15203,DEPOT->CUSTOMER,46.24,51.337
716,2958047,42,1000,15203,CUSTOMER->DEPOT,46.318,51.216
717,2958047,43,1000,15208,DEPOT->CUSTOMER,21.342,22.638
718,2958047,43,1000,15208,CUSTOMER->DEPOT,20.822,22.11
719,2958047,44,1000,143115,DEPOT->CUSTOMER,30.954,33.022
720,2958047,44,1000,143115,CUSTOMER->DEPOT,30.957,33.022
721,2958047,45,1000,921336,DEPOT->CUSTOMER,21.254,23.111
722,2958047,45,1000,921336,CUSTOMER->DEPOT,21.244,23.122
723,2958047,46,1000,921733,DEPOT->CUSTOMER,30.823,32.241
724,2958047,46,1000,921733,CUSTOMER->DEPOT,30.867,32.285
725,2958047,47,1000,1684,DEPOT->CUSTOMER,19.728,20.735
726,2958047,47,1000,1684,CUSTOMER->DEPOT,20.004,21.021
727,2958047,48,1000,1687,DEPOT->CUSTOMER,30.894,32.604
728,2958047,48,1000,1687,CUSTOMER->DEPOT,30.981,32.527
729,2958047,49,1000,7982,DEPOT->CUSTOMER,30.891,32.593
730,2958047,49,1000,7982,CUSTOMER->DEPOT,30.983,32.527
731,2958047,50,1000,922805,DEPOT->CUSTOMER,45.741,50.358
732,2958047,50,1000,922805,CUSTOMER->DEPOT,45.701,50.325
733,2958047,51,1000,883,DEPOT->CUSTOMER,20.778,21.802
734,2958047,51,1000,883,CUSTOMER->DEPOT,20.939,21.967
735,2958047,52,1000,1436,DEPOT->CUSTOMER,20.194,22.748
736,2958047,52,1000,1436,CUSTOMER->DEPOT,20.187,22.737
737,2958047,53,1000,134004,DEPOT->CUSTOMER,57.12,60.434
738,2958047,53,1000,134004,CUSTOMER->DEPOT,57.599,60.698
739,2958047,54,1000,990,DEPOT->CUSTOMER,22.515,25.311
740,2958047,54,1000,990,CUSTOMER->DEPOT,22.503,25.278
741,2958047,55,1000,923589,DEPOT->CUSTOMER,42.933,47.509
742,2958047,55,1000,923589,CUSTOMER->DEPOT,42.856,47.432
743,2958047,56,1000,923590,DEPOT->CUSTOMER,20.815,22.033
744,2958047,56,1000,923590,CUSTOMER->DEPOT,20.522,21.824
745,2958047,57,1000,359,DEPOT->CUSTOMER,10.953,12.518
746,2958047,57,1000,359,CUSTOMER->DEPOT,10.911,12.485
747,2958047,58,1000,138336,DEPOT->CUSTOMER,46.455,51.172
748,2958047,58,1000,138336,CUSTOMER->DEPOT,46.378,51.095
749,2958047,59,1000,1782,DEPOT->CUSTOMER,54.549,57.354
750,2958047,59,1000,1782,CUSTOMER->DEPOT,55.03,57.618
751,2958047,60,1000,921861,DEPOT->CUSTOMER,56.993,60.005
752,2958047,60,1000,921861,CUSTOMER->DEPOT,57.474,60.28
753,2958047,61,1000,1654,DEPOT->CUSTOMER,51.842,53.548
754,2958047,61,1000,1654,CUSTOMER->DEPOT,51.925,53.625
755,2958047,62,1000,1487,DEPOT->CUSTOMER,5.244,6.259
756,2958047,62,1000,1487,CUSTOMER->DEPOT,5.258,6.281
757,2958047,63,1000,131249,DEPOT->CUSTOMER,21.321,22.726
758,2958047,63,1000,131249,CUSTOMER->DEPOT,21.168,22.693
759,2958047,64,1000,131250,DEPOT->CUSTOMER,22.484,26.103
760,2958047,64,1000,131250,CUSTOMER->DEPOT,23.085,26.587
761,2958047,65,1000,131247,DEPOT->CUSTOMER,21.967,24.002
762,2958047,65,1000,131247,CUSTOMER->DEPOT,21.49,24.035
763,2958047,66,1000,131248,DEPOT->CUSTOMER,30.658,34.287
764,2958047,66,1000,131248,CUSTOMER->DEPOT,30.644,34.254
765,2958047,67,1000,921003,DEPOT->CUSTOMER,21.248,23.122
766,2958047,67,1000,921003,CUSTOMER->DEPOT,21.247,23.133
767,2958047,68,1000,922910,DEPOT->CUSTOMER,56.72,60.434
768,2958047,68,1000,922910,CUSTOMER->DEPOT,58.224,61.391
769,2958047,69,1000,922961,DEPOT->CUSTOMER,3.639,4.4
770,2958047,69,1000,922961,CUSTOMER->DEPOT,3.653,4.411
771,2958047,70,1000,132531,DEPOT->CUSTOMER,19.958,21.406
772,2958047,70,1000,132531,CUSTOMER->DEPOT,19.963,21.417
773,2958047,71,1000,144561,DEPOT->CUSTOMER,46.706,52.206
774,2958047,71,1000,144561,CUSTOMER->DEPOT,46.59,52.096
775,2958047,72,1000,144631,DEPOT->CUSTOMER,63.246,65.241
776,2958047,72,1000,144631,CUSTOMER->DEPOT,63.288,65.285
777,2958047,73,1000,140150,DEPOT->CUSTOMER,44.278,46.618
778,2958047,73,1000,140150,CUSTOMER->DEPOT,44.322,46.662
779,2958047,74,1000,1644,DEPOT->CUSTOMER,23.152,25.828
780,2958047,74,1000,1644,CUSTOMER->DEPOT,23.64,26.103
781,2958047,75,1000,10538,DEPOT->CUSTOMER,65.369,67.276
782,2958047,75,1000,10538,CUSTOMER->DEPOT,65.411,67.309
783,2958047,76,1000,133834,DEPOT->CUSTOMER,44.422,47.069
784,2958047,76,1000,133834,CUSTOMER->DEPOT,44.904,47.333
785,2958047,77,1000,142115,DEPOT->CUSTOMER,64.328,66.253
786,2958047,77,1000,142115,CUSTOMER->DEPOT,64.411,66.341
787,2958047,78,1000,138650,DEPOT->CUSTOMER,34.086,35.959
788,2958047,78,1000,138650,CUSTOMER->DEPOT,34.105,35.981
789,2958047,79,1000,142710,CUSTOMER->DEPOT,2.796,3.773
790,2958047,79,1000,142710,DEPOT->CUSTOMER,3.117,4.455
791,2958047,80,1000,144045,CUSTOMER->DEPOT,1.267,2.376
792,2958047,80,1000,144045,DEPOT->CUSTOMER,1.267,2.376
793,2958047,81,1000,144000,CUSTOMER->DEPOT,4.748,6.941
794,2958047,81,1000,144000,DEPOT->CUSTOMER,4.35,6.424
795,2958047,82,1000,140167,CUSTOMER->DEPOT,65.882,68.651
796,2958047,82,1000,140167,DEPOT->CUSTOMER,65.777,68.167
797,2958047,83,1000,138577,DEPOT->CUSTOMER,2.789,3.531
798,2958047,83,1000,138577,CUSTOMER->DEPOT,2.566,3.311
799,2958047,84,1000,133685,DEPOT->CUSTOMER,16.499,17.457
800,2958047,84,1000,133685,CUSTOMER->DEPOT,16.499,17.457
801,2958047,85,1000,142854,DEPOT->CUSTOMER,65.996,68.101
802,2958047,85,1000,142854,CUSTOMER->DEPOT,66.037,68.145
803,2958047,86,1000,142995,CUSTOMER->DEPOT,21.056,23.463
804,2958047,86,1000,142995,DEPOT->CUSTOMER,20.931,23.551
805,2958047,87,1000,923838,CUSTOMER->DEPOT,65.245,67.54
806,2958047,87,1000,923838,DEPOT->CUSTOMER,65.163,67.463
807,2958047,88,1000,142857,DEPOT->CUSTOMER,20.892,23.749
808,2958047,88,1000,142857,CUSTOMER->DEPOT,20.892,23.749
809,2958047,89,1000,871,DEPOT->CUSTOMER,45.79,50.6
810,2958047,89,1000,871,CUSTOMER->DEPOT,45.737,50.776
811,2958047,90,1000,134513,DEPOT->CUSTOMER,57.188,62.403
812,2958047,90,1000,134513,CUSTOMER->DEPOT,57.492,62.403
813,2958047,91,1000,131297,DEPOT->CUSTOMER,53.509,60.093
814,2958047,91,1000,131297,CUSTOMER->DEPOT,53.432,60.016
815,2958047,92,1000,1760,DEPOT->CUSTOMER,43.796,48.378
816,2958047,92,1000,1760,CUSTOMER->DEPOT,43.719,48.301
817,2958047,93,1000,144835,DEPOT->CUSTOMER,51.041,58.289
818,2958047,93,1000,144835,CUSTOMER->DEPOT,51.538,58.553
819,2958047,94,1000,133395,CUSTOMER->DEPOT,50.028,54.714
820,2958047,94,1000,133395,DEPOT->CUSTOMER,49.724,54.703
821,2958047,95,1000,7634,DEPOT->CUSTOMER,24.159,29.931
822,2958047,95,1000,7634,CUSTOMER->DEPOT,24.712,30.305
823,2958047,96,1000,145229,DEPOT->CUSTOMER,0.847,1.881
824,2958047,96,1000,145229,CUSTOMER->DEPOT,0.847,1.881
825,2958047,97,1000,1387,CUSTOMER->DEPOT,28.786,30.074
826,2958047,97,1000,1387,DEPOT->CUSTOMER,28.742,30.03
827,2958047,98,1000,921035,CUSTOMER->DEPOT,30.63,31.977
828,2958047,98,1000,921035,DEPOT->CUSTOMER,30.586,31.933
829,2958047,99,1000,921824,DEPOT->CUSTOMER,33.259,34.65
830,2958047,99,1000,921824,CUSTOMER->DEPOT,33.341,34.738
831,2958047,100,1000,139432,DEPOT->CUSTOMER,2.949,3.696
832,2958047,100,1000,139432,CUSTOMER->DEPOT,2.949,3.696
833,2958047,101,1000,921932,DEPOT->CUSTOMER,47.154,51.788
834,2958047,101,1000,921932,CUSTOMER->DEPOT,47.037,51.678
835,2958047,102,1000,922911,DEPOT->CUSTOMER,71.039,74.36
836,2958047,102,1000,922911,CUSTOMER->DEPOT,71.911,74.459
837,2958047,103,1000,922810,DEPOT->CUSTOMER,45.622,50.347
838,2958047,103,1000,922810,CUSTOMER->DEPOT,45.545,50.27
839,2958047,104,1000,1193,DEPOT->CUSTOMER,21.147,24.431
840,2958047,104,1000,1193,CUSTOMER->DEPOT,21.147,24.431
841,2958047,105,1000,974,DEPOT->CUSTOMER,43.806,46.134
842,2958047,105,1000,974,CUSTOMER->DEPOT,43.85,46.178
843,2958047,106,1000,136404,DEPOT->CUSTOMER,65.774,68.167
844,2958047,106,1000,136404,CUSTOMER->DEPOT,66.255,69.146
845,2958047,107,1000,921276,DEPOT->CUSTOMER,20.99,22.561
846,2958047,107,1000,921276,CUSTOMER->DEPOT,21.03,22.66
847,2958047,108,1000,1676,DEPOT->CUSTOMER,46.32,50.941
848,2958047,108,1000,1676,CUSTOMER->DEPOT,46.203,50.831
849,2958047,109,1000,27,DEPOT->CUSTOMER,21.432,23.298
850,2958047,109,1000,27,CUSTOMER->DEPOT,21.421,23.518
851,2958047,110,1000,1805,DEPOT->CUSTOMER,1.921,3.212
852,2958047,110,1000,1805,CUSTOMER->DEPOT,1.82,3.08
853,2958047,111,1000,1665,DEPOT->CUSTOMER,65.327,67.859
854,2958047,111,1000,1665,CUSTOMER->DEPOT,65.41,67.947
855,2970877,1,1000,142559,DEPOT->CUSTOMER,1.807,3.058
856,2970877,1,1000,142559,CUSTOMER->DEPOT,1.934,3.223
857,2970877,2,1000,139540,DEPOT->CUSTOMER,2.057,3.399
858,2970877,2,1000,139540,CUSTOMER->DEPOT,2.455,3.916
859,2970877,3,1000,138315,DEPOT->CUSTOMER,20.432,21.78
860,2970877,3,1000,138315,CUSTOMER->DEPOT,20.434,21.78
861,2970877,4,1000,143349,DEPOT->CUSTOMER,28.688,36.432
862,2970877,4,1000,143349,CUSTOMER->DEPOT,28.688,36.432
863,2970877,5,1000,587,DEPOT->CUSTOMER,28.349,36.124
864,2970877,5,1000,587,CUSTOMER->DEPOT,28.349,36.124
865,2970877,6,1000,921607,DEPOT->CUSTOMER,28.02,35.739
866,2970877,6,1000,921607,CUSTOMER->DEPOT,27.999,35.717
867,2970877,7,1000,135890,DEPOT->CUSTOMER,28.178,35.937
868,2970877,7,1000,135890,CUSTOMER->DEPOT,28.178,35.937
869,2970877,8,1000,135889,DEPOT->CUSTOMER,28.292,36.223
870,2970877,8,1000,135889,CUSTOMER->DEPOT,28.292,36.223
871,2970877,9,1000,920629,DEPOT->CUSTOMER,116.659,133.441
872,2970877,9,1000,920629,CUSTOMER->DEPOT,117.134,133.694
873,2970877,10,1000,142817,DEPOT->CUSTOMER,21.337,22.781
874,2970877,10,1000,142817,CUSTOMER->DEPOT,21.152,22.638
875,2970877,11,1000,139112,DEPOT->CUSTOMER,125.57,130.515
876,2970877,11,1000,139112,CUSTOMER->DEPOT,126.45,130.636
877,2970877,12,1000,920532,DEPOT->CUSTOMER,128.081,134.123
878,2970877,12,1000,920532,CUSTOMER->DEPOT,128.948,134.222
879,2970877,13,1000,140812,DEPOT->CUSTOMER,125.447,130.383
880,2970877,13,1000,140812,CUSTOMER->DEPOT,126.317,130.405
881,2970877,14,1000,131269,DEPOT->CUSTOMER,126.358,131.637
882,2970877,14,1000,131269,CUSTOMER->DEPOT,127.256,131.802
883,2970877,15,1000,923922,DEPOT->CUSTOMER,125.191,129.976
884,2970877,15,1000,923922,CUSTOMER->DEPOT,126.071,130.086
885,2970877,16,1000,924068,DEPOT->CUSTOMER,127.044,132.968
886,2970877,16,1000,924068,CUSTOMER->DEPOT,127.911,133.067
887,2970877,17,1000,139661,DEPOT->CUSTOMER,21.331,23.32
888,2970877,17,1000,139661,CUSTOMER->DEPOT,21.072,22.341
889,2970877,18,1000,137731,DEPOT->CUSTOMER,23.785,27.665
890,2970877,18,1000,137731,CUSTOMER->DEPOT,23.771,27.632
891,2970877,19,1000,920120,DEPOT->CUSTOMER,125.828,131.571
892,2970877,19,1000,920120,CUSTOMER->DEPOT,126.73,131.681
893,2970877,20,1000,145259,DEPOT->CUSTOMER,22.451,25.806
894,2970877,20,1000,145259,CUSTOMER->DEPOT,22.07,23.705
895,2970877,21,1000,920712,DEPOT->CUSTOMER,19.34,20.339
896,2970877,21,1000,920712,CUSTOMER->DEPOT,19.34,20.339
897,2970877,22,1000,142763,DEPOT->CUSTOMER,20.347,21.428
898,2970877,22,1000,142763,CUSTOMER->DEPOT,20.349,21.439
899,2970877,23,1000,923163,DEPOT->CUSTOMER,30.163,33.66
900,2970877,23,1000,923163,CUSTOMER->DEPOT,30.138,33.638
901,2970877,24,1000,15026,DEPOT->CUSTOMER,1.788,3.091
902,2970877,24,1000,15026,CUSTOMER->DEPOT,2.003,3.366
903,2970877,25,1000,144810,DEPOT->CUSTOMER,125.737,130.977
904,2970877,25,1000,144810,CUSTOMER->DEPOT,126.618,131.087
905,2970877,26,1000,140805,DEPOT->CUSTOMER,21.406,23.012
906,2970877,26,1000,140805,CUSTOMER->DEPOT,21.083,22.407
907,2970877,27,1000,7572,DEPOT->CUSTOMER,20.894,22.396
908,2970877,27,1000,7572,CUSTOMER->DEPOT,20.902,22.407
909,2970877,28,1000,139172,DEPOT->CUSTOMER,22.23,23.518
910,2970877,28,1000,139172,CUSTOMER->DEPOT,22.238,23.518
911,2970877,29,1000,1534,DEPOT->CUSTOMER,21.36,23.133
912,2970877,29,1000,1534,CUSTOMER->DEPOT,21.349,23.364
913,2970877,30,1000,137601,DEPOT->CUSTOMER,126.967,132.561
914,2970877,30,1000,137601,CUSTOMER->DEPOT,127.833,132.66
915,2970877,31,1000,922111,DEPOT->CUSTOMER,21.456,22.484
916,2970877,31,1000,922111,CUSTOMER->DEPOT,21.468,22.495
917,2970877,32,1000,1353,DEPOT->CUSTOMER,4.479,5.28
918,2970877,32,1000,1353,CUSTOMER->DEPOT,4.493,5.302
919,2970877,33,1000,1748,DEPOT->CUSTOMER,21.913,25.872
920,2970877,33,1000,1748,CUSTOMER->DEPOT,22.41,24.541
921,2970877,34,1000,921090,DEPOT->CUSTOMER,125.783,131.131
922,2970877,34,1000,921090,CUSTOMER->DEPOT,126.663,131.241
923,2970877,35,1000,142873,DEPOT->CUSTOMER,126.395,131.307
924,2970877,35,1000,142873,CUSTOMER->DEPOT,127.293,131.472
925,2970877,36,1000,131532,DEPOT->CUSTOMER,25.947,28.787
926,2970877,36,1000,131532,CUSTOMER->DEPOT,26.474,29.095
927,2970877,37,1000,138540,DEPOT->CUSTOMER,28.136,34.683
928,2970877,37,1000,138540,CUSTOMER->DEPOT,28.094,34.639
929,2970877,38,1000,139925,DEPOT->CUSTOMER,58.665,61.534
930,2970877,38,1000,139925,CUSTOMER->DEPOT,59.141,61.798
931,2970877,39,1000,140563,DEPOT->CUSTOMER,57.504,61.424
932,2970877,39,1000,140563,CUSTOMER->DEPOT,58.963,62.282
933,2970877,40,1000,137176,DEPOT->CUSTOMER,126.138,131.472
934,2970877,40,1000,137176,CUSTOMER->DEPOT,127.018,131.593
935,2970877,41,1000,923930,DEPOT->CUSTOMER,28.409,36.322
936,2970877,41,1000,923930,CUSTOMER->DEPOT,28.409,36.322
937,2970877,42,1000,1017,DEPOT->CUSTOMER,125.957,130.922
938,2970877,42,1000,1017,CUSTOMER->DEPOT,126.837,131.065
939,2970877,43,1000,598,DEPOT->CUSTOMER,107.917,112.31
940,2970877,43,1000,598,CUSTOMER->DEPOT,108.393,112.574
941,2970877,44,1000,7741,DEPOT->CUSTOMER,0.835,1.705
942,2970877,44,1000,7741,CUSTOMER->DEPOT,0.835,1.705
943,2970877,45,1000,131468,DEPOT->CUSTOMER,30.82,34.386
944,2970877,45,1000,131468,CUSTOMER->DEPOT,30.777,34.342
945,2970877,46,1000,1540,DEPOT->CUSTOMER,15.121,16.06
946,2970877,46,1000,1540,CUSTOMER->DEPOT,15.13,16.071
947,2970877,47,1000,1973,DEPOT->CUSTOMER,58.405,61.281
948,2970877,47,1000,1973,CUSTOMER->DEPOT,58.881,61.545
949,2970877,48,1000,921675,DEPOT->CUSTOMER,21.584,23.232
950,2970877,48,1000,921675,CUSTOMER->DEPOT,21.592,23.243
951,2970877,49,1000,1186,DEPOT->CUSTOMER,21.64,25.388
952,2970877,49,1000,1186,CUSTOMER->DEPOT,21.64,25.388
953,2970877,50,1000,742,DEPOT->CUSTOMER,28.324,36.19
954,2970877,50,1000,742,CUSTOMER->DEPOT,28.324,36.19
955,2970877,51,1000,740,DEPOT->CUSTOMER,28.387,36.278
956,2970877,51,1000,740,CUSTOMER->DEPOT,28.387,36.278
957,2970877,52,1000,7525,DEPOT->CUSTOMER,1.997,3.421
958,2970877,52,1000,7525,CUSTOMER->DEPOT,1.857,3.234
959,2970877,53,1000,7522,DEPOT->CUSTOMER,21.095,22.792
960,2970877,53,1000,7522,CUSTOMER->DEPOT,20.894,22.352
961,2970877,54,1000,15202,DEPOT->CUSTOMER,2.133,3.608
962,2970877,54,1000,15202,CUSTOMER->DEPOT,2.532,4.125
963,2970877,55,1000,15247,DEPOT->CUSTOMER,20.624,22.044
964,2970877,55,1000,15247,CUSTOMER->DEPOT,20.626,22.044
965,2970877,56,1000,15249,DEPOT->CUSTOMER,20.873,22.297
966,2970877,56,1000,15249,CUSTOMER->DEPOT,20.865,22.297
967,2970877,57,1000,15251,DEPOT->CUSTOMER,21.047,23.474
968,2970877,57,1000,15251,CUSTOMER->DEPOT,21.041,23.463
969,2970877,58,1000,15253,DEPOT->CUSTOMER,21.503,23.452
970,2970877,58,1000,15253,CUSTOMER->DEPOT,21.491,23.683
971,2970877,59,1000,139007,DEPOT->CUSTOMER,21.399,22.99
972,2970877,59,1000,139007,CUSTOMER->DEPOT,21.09,22.429
973,2970877,60,1000,1031,DEPOT->CUSTOMER,125.818,130.922
974,2970877,60,1000,1031,CUSTOMER->DEPOT,126.838,131.219
975,2970877,61,1000,138253,DEPOT->CUSTOMER,18.844,21.197
976,2970877,61,1000,138253,CUSTOMER->DEPOT,18.802,21.164
977,2970877,62,1000,1684,DEPOT->CUSTOMER,19.728,20.735
978,2970877,62,1000,1684,CUSTOMER->DEPOT,20.004,21.021
979,2970877,63,1000,137885,DEPOT->CUSTOMER,21.22,22.726
980,2970877,63,1000,137885,CUSTOMER->DEPOT,21.228,22.737
981,2970877,64,1000,923817,DEPOT->CUSTOMER,31.305,33.088
982,2970877,64,1000,923817,CUSTOMER->DEPOT,31.331,32.934
983,2970877,65,1000,371,DEPOT->CUSTOMER,21.426,23.276
984,2970877,65,1000,371,CUSTOMER->DEPOT,21.414,23.507
985,2970877,66,1000,131472,DEPOT->CUSTOMER,21.732,25.388
986,2970877,66,1000,131472,CUSTOMER->DEPOT,22.372,24.376
987,2970877,67,1000,884,DEPOT->CUSTOMER,21.3,22.605
988,2970877,67,1000,884,CUSTOMER->DEPOT,21.192,22.363
989,2970877,68,1000,131473,DEPOT->CUSTOMER,20.503,22.649
990,2970877,68,1000,131473,CUSTOMER->DEPOT,20.527,22.704
991,2970877,69,1000,131474,DEPOT->CUSTOMER,30.781,34.419
992,2970877,69,1000,131474,CUSTOMER->DEPOT,30.767,34.386
993,2970877,70,1000,1281,DEPOT->CUSTOMER,22.301,25.476
994,2970877,70,1000,1281,CUSTOMER->DEPOT,22.22,24.035
995,2970877,71,1000,145214,DEPOT->CUSTOMER,21.084,22.77
996,2970877,71,1000,145214,CUSTOMER->DEPOT,21.064,22.737
997,2970877,72,1000,920497,DEPOT->CUSTOMER,31.977,36.366
998,2970877,72,1000,920497,CUSTOMER->DEPOT,31.934,36.322
999,2970877,73,1000,920118,DEPOT->CUSTOMER,28.032,35.739
1000,2970877,73,1000,920118,CUSTOMER->DEPOT,28.032,35.739
1001,2970877,74,1000,141675,DEPOT->CUSTOMER,1.916,3.201
1002,2970877,74,1000,141675,CUSTOMER->DEPOT,1.825,3.08
1003,2970877,75,1000,360,DEPOT->CUSTOMER,28.664,36.443
1004,2970877,75,1000,360,CUSTOMER->DEPOT,28.643,36.421
1005,2970877,76,1000,136707,DEPOT->CUSTOMER,25.641,27.346
1006,2970877,76,1000,136707,CUSTOMER->DEPOT,25.667,27.192
1007,2970877,77,1000,239,CUSTOMER->DEPOT,21.131,22.638
1008,2970877,77,1000,239,DEPOT->CUSTOMER,21.123,22.638
1009,2970877,78,1000,133658,CUSTOMER->DEPOT,21.696,24.904
1010,2970877,78,1000,133658,DEPOT->CUSTOMER,21.702,24.915
1011,2970877,79,1000,387,CUSTOMER->DEPOT,58.585,61.237
1012,2970877,79,1000,387,DEPOT->CUSTOMER,58.109,60.973
1013,2970877,80,1000,494,DEPOT->CUSTOMER,35.202,38.412
1014,2970877,80,1000,494,CUSTOMER->DEPOT,35.211,38.423
1015,2970877,81,1000,1487,CUSTOMER->DEPOT,5.258,6.281
1016,2970877,81,1000,1487,DEPOT->CUSTOMER,5.244,6.259
1017,2970877,82,1000,131252,DEPOT->CUSTOMER,31.653,35.662
1018,2970877,82,1000,131252,CUSTOMER->DEPOT,31.61,35.618
1019,2970877,83,1000,136298,DEPOT->CUSTOMER,25.638,33.803
1020,2970877,83,1000,136298,CUSTOMER->DEPOT,25.638,33.803
1021,2970877,84,1000,923132,DEPOT->CUSTOMER,32.768,34.573
1022,2970877,84,1000,923132,CUSTOMER->DEPOT,32.794,34.419
1023,2970877,85,1000,131242,CUSTOMER->DEPOT,19.758,26.565
1024,2970877,85,1000,131242,DEPOT->CUSTOMER,19.758,26.565
1025,2970877,86,1000,131246,DEPOT->CUSTOMER,4.467,5.357
1026,2970877,86,1000,131246,CUSTOMER->DEPOT,4.48,5.368
1027,2970877,87,1000,139984,DEPOT->CUSTOMER,32.8,36.322
1028,2970877,87,1000,139984,CUSTOMER->DEPOT,32.707,36.223
1029,2970877,88,1000,136151,DEPOT->CUSTOMER,115.76,122.826
1030,2970877,88,1000,136151,CUSTOMER->DEPOT,116.239,123.09
1031,2970877,89,1000,499,CUSTOMER->DEPOT,128.084,132.957
1032,2970877,89,1000,499,DEPOT->CUSTOMER,127.217,132.858
1033,2970877,90,1000,133291,DEPOT->CUSTOMER,20.603,22.836
1034,2970877,90,1000,133291,CUSTOMER->DEPOT,21.196,23.496
1035,2970877,91,1000,133290,DEPOT->CUSTOMER,20.956,22.484
1036,2970877,91,1000,133290,CUSTOMER->DEPOT,20.957,22.506
1037,2970877,92,1000,921968,DEPOT->CUSTOMER,114.633,121.902
1038,2970877,92,1000,921968,CUSTOMER->DEPOT,115.113,122.166
1039,2970877,93,1000,138841,CUSTOMER->DEPOT,116.575,124.256
1040,2970877,93,1000,138841,DEPOT->CUSTOMER,116.095,123.992
1041,2970877,94,1000,142177,DEPOT->CUSTOMER,57.17,60.401
1042,2970877,94,1000,142177,CUSTOMER->DEPOT,57.652,60.665
1043,2970877,95,1000,144414,DEPOT->CUSTOMER,20.252,22.055
1044,2970877,95,1000,144414,CUSTOMER->DEPOT,20.227,22.0
1045,2970877,96,1000,138579,DEPOT->CUSTOMER,20.887,22.396
1046,2970877,96,1000,138579,CUSTOMER->DEPOT,20.896,22.407
1047,2970877,97,1000,139927,CUSTOMER->DEPOT,58.302,60.94
1048,2970877,97,1000,139927,DEPOT->CUSTOMER,57.826,60.676
1049,2970877,98,1000,145240,CUSTOMER->DEPOT,45.003,47.487
1050,2970877,98,1000,145240,DEPOT->CUSTOMER,44.521,47.212
1051,2970877,99,1000,143637,DEPOT->CUSTOMER,56.849,59.697
1052,2970877,99,1000,143637,CUSTOMER->DEPOT,57.331,59.961
1053,2970877,100,1000,506,CUSTOMER->DEPOT,20.145,21.472
1054,2970877,100,1000,506,DEPOT->CUSTOMER,20.136,21.461
1055,2970877,101,1000,135887,CUSTOMER->DEPOT,21.776,23.056
1056,2970877,101,1000,135887,DEPOT->CUSTOMER,21.781,23.067
1057,2970877,102,1000,142995,DEPOT->CUSTOMER,20.931,23.551
1058,2970877,102,1000,142995,CUSTOMER->DEPOT,21.056,23.463
1059,2970877,103,1000,760,DEPOT->CUSTOMER,31.544,40.766
1060,2970877,103,1000,760,CUSTOMER->DEPOT,31.57,40.612
1061,2970877,104,1000,142857,DEPOT->CUSTOMER,20.892,23.749
1062,2970877,104,1000,142857,CUSTOMER->DEPOT,20.892,23.749
1063,2970877,105,1000,1007,CUSTOMER->DEPOT,126.58,130.647
1064,2970877,105,1000,1007,DEPOT->CUSTOMER,125.827,130.68
1065,2970877,106,1000,923124,DEPOT->CUSTOMER,21.328,23.309
1066,2970877,106,1000,923124,CUSTOMER->DEPOT,21.067,22.726
1067,2970877,107,1000,139814,CUSTOMER->DEPOT,32.425,34.045
1068,2970877,107,1000,139814,DEPOT->CUSTOMER,32.399,34.199
1069,2970877,108,1000,1089,DEPOT->CUSTOMER,23.933,25.52
1070,2970877,108,1000,1089,CUSTOMER->DEPOT,23.942,25.531
1071,2970877,109,1000,1078,CUSTOMER->DEPOT,0.161,0.429
1072,2970877,109,1000,1078,DEPOT->CUSTOMER,0.161,0.429
1073,2970877,110,1000,921560,DEPOT->CUSTOMER,21.817,23.452
1074,2970877,110,1000,921560,CUSTOMER->DEPOT,21.843,23.298
1075,2970877,111,1000,141650,CUSTOMER->DEPOT,116.572,124.256
1076,2970877,111,1000,141650,DEPOT->CUSTOMER,116.093,123.992
1077,2970877,112,1000,140975,DEPOT->CUSTOMER,21.82,23.43
1078,2970877,112,1000,140975,CUSTOMER->DEPOT,21.488,22.935
1079,2970877,113,1000,969,CUSTOMER->DEPOT,32.307,37.169
1080,2970877,113,1000,969,DEPOT->CUSTOMER,32.35,37.213
1081,2970877,114,1000,142178,DEPOT->CUSTOMER,56.396,59.631
1082,2970877,114,1000,142178,CUSTOMER->DEPOT,57.69,60.324
1083,2970877,115,1000,923700,CUSTOMER->DEPOT,26.618,30.173
1084,2970877,115,1000,923700,DEPOT->CUSTOMER,26.632,30.206
1085,2970877,116,1000,921224,DEPOT->CUSTOMER,21.803,23.639
1086,2970877,116,1000,921224,CUSTOMER->DEPOT,21.756,23.793
1087,2970877,117,1000,922004,CUSTOMER->DEPOT,10.457,11.319
1088,2970877,117,1000,922004,DEPOT->CUSTOMER,10.443,11.308
1089,2970877,118,1000,920707,DEPOT->CUSTOMER,20.308,21.505
1090,2970877,118,1000,920707,CUSTOMER->DEPOT,20.232,21.681
1091,2970877,119,1000,143271,CUSTOMER->DEPOT,58.496,61.6
1092,2970877,119,1000,143271,DEPOT->CUSTOMER,58.02,61.336
1093,2970877,120,1000,137662,DEPOT->CUSTOMER,115.669,122.738
1094,2970877,120,1000,137662,CUSTOMER->DEPOT,116.149,123.002
1095,2970877,121,1000,137663,CUSTOMER->DEPOT,58.738,61.545
1096,2970877,121,1000,137663,DEPOT->CUSTOMER,58.261,61.281
1097,2970877,122,1000,922852,DEPOT->CUSTOMER,32.598,37.73
1098,2970877,122,1000,922852,CUSTOMER->DEPOT,32.677,37.961
1099,2970877,123,1000,139709,CUSTOMER->DEPOT,34.105,35.838
1100,2970877,123,1000,139709,DEPOT->CUSTOMER,34.079,35.992
1101,2970877,124,1000,15121,DEPOT->CUSTOMER,24.053,25.685
1102,2970877,124,1000,15121,CUSTOMER->DEPOT,24.062,25.696
1103,2970877,125,1000,27,CUSTOMER->DEPOT,21.421,23.518
1104,2970877,125,1000,27,DEPOT->CUSTOMER,21.432,23.298
1105,2970877,126,1000,1805,DEPOT->CUSTOMER,1.921,3.212
1106,2970877,126,1000,1805,CUSTOMER->DEPOT,1.82,3.08
1107,2970877,127,1000,441,CUSTOMER->DEPOT,19.494,26.356
1108,2970877,127,1000,441,DEPOT->CUSTOMER,19.494,26.356
1109,2970877,128,1000,135439,DEPOT->CUSTOMER,115.996,123.948
1110,2970877,128,1000,135439,CUSTOMER->DEPOT,116.475,124.212
1111,2970877,129,1000,1173,DEPOT->CUSTOMER,21.67,23.551
1112,2970877,129,1000,1173,CUSTOMER->DEPOT,21.679,23.562
1113,2990001,1,1000,138087,DEPOT->CUSTOMER,31.173,34.815
1114,2990001,1,1000,138087,CUSTOMER->DEPOT,31.159,34.782
1115,2990001,2,1000,138096,DEPOT->CUSTOMER,21.308,24.453
1116,2990001,2,1000,138096,CUSTOMER->DEPOT,21.85,24.772
1117,2990001,3,1000,138088,DEPOT->CUSTOMER,21.913,25.872
1118,2990001,3,1000,138088,CUSTOMER->DEPOT,22.411,24.552
1119,2990001,4,1000,138097,DEPOT->CUSTOMER,21.555,24.992
1120,2990001,4,1000,138097,CUSTOMER->DEPOT,22.729,25.157
1121,2990001,5,1000,26,DEPOT->CUSTOMER,29.805,31.416
1122,2990001,5,1000,26,CUSTOMER->DEPOT,29.849,31.46
1123,2990001,6,1000,478,DEPOT->CUSTOMER,63.689,65.835
1124,2990001,6,1000,478,CUSTOMER->DEPOT,63.772,65.912
1125,2990001,7,1000,139214,DEPOT->CUSTOMER,3.139,3.894
1126,2990001,7,1000,139214,CUSTOMER->DEPOT,3.153,3.905
1127,2990001,8,1000,142817,DEPOT->CUSTOMER,21.337,22.781
1128,2990001,8,1000,142817,CUSTOMER->DEPOT,21.152,22.638
1129,2990001,9,1000,921127,DEPOT->CUSTOMER,57.008,60.038
1130,2990001,9,1000,921127,CUSTOMER->DEPOT,57.49,60.313
1131,2990001,10,1000,15076,DEPOT->CUSTOMER,32.079,33.737
1132,2990001,10,1000,15076,CUSTOMER->DEPOT,32.081,33.737
1133,2990001,11,1000,139661,DEPOT->CUSTOMER,21.331,23.32
1134,2990001,11,1000,139661,CUSTOMER->DEPOT,21.072,22.341
1135,2990001,12,1000,921302,DEPOT->CUSTOMER,21.314,23.122
1136,2990001,12,1000,921302,CUSTOMER->DEPOT,21.655,23.287
1137,2990001,13,1000,454,DEPOT->CUSTOMER,33.116,34.771
1138,2990001,13,1000,454,CUSTOMER->DEPOT,33.134,34.782
1139,2990001,14,1000,1408,DEPOT->CUSTOMER,21.388,23.408
1140,2990001,14,1000,1408,CUSTOMER->DEPOT,21.378,23.419
1141,2990001,15,1000,923927,DEPOT->CUSTOMER,53.395,57.816
1142,2990001,15,1000,923927,CUSTOMER->DEPOT,53.478,57.904
1143,2990001,16,1000,145259,DEPOT->CUSTOMER,22.451,25.806
1144,2990001,16,1000,145259,CUSTOMER->DEPOT,22.07,23.705
1145,2990001,17,1000,138116,DEPOT->CUSTOMER,64.203,66.088
1146,2990001,17,1000,138116,CUSTOMER->DEPOT,64.286,66.176
1147,2990001,18,1000,204,DEPOT->CUSTOMER,66.171,69.069
1148,2990001,18,1000,204,CUSTOMER->DEPOT,66.371,70.026
1149,2990001,19,1000,141727,DEPOT->CUSTOMER,65.38,68.013
1150,2990001,19,1000,141727,CUSTOMER->DEPOT,65.462,68.101
1151,2990001,20,1000,15027,DEPOT->CUSTOMER,46.242,50.886
1152,2990001,20,1000,15027,CUSTOMER->DEPOT,46.085,50.732
1153,2990001,21,1000,15030,DEPOT->CUSTOMER,30.466,32.087
1154,2990001,21,1000,15030,CUSTOMER->DEPOT,30.51,32.131
1155,2990001,22,1000,137381,DEPOT->CUSTOMER,65.34,67.892
1156,2990001,22,1000,137381,CUSTOMER->DEPOT,65.423,67.98
1157,2990001,23,1000,1998,DEPOT->CUSTOMER,46.136,48.499
1158,2990001,23,1000,1998,CUSTOMER->DEPOT,46.18,48.543
1159,2990001,24,1000,145094,DEPOT->CUSTOMER,49.975,54.956
1160,2990001,24,1000,145094,CUSTOMER->DEPOT,50.274,54.956
1161,2990001,25,1000,1112,DEPOT->CUSTOMER,46.118,51.095
1162,2990001,25,1000,1112,CUSTOMER->DEPOT,45.713,50.82
1163,2990001,26,1000,1016,DEPOT->CUSTOMER,45.769,50.402
1164,2990001,26,1000,1016,CUSTOMER->DEPOT,45.7,50.347
1165,2990001,27,1000,1178,DEPOT->CUSTOMER,39.799,43.494
1166,2990001,27,1000,1178,CUSTOMER->DEPOT,39.774,43.461
1167,2990001,28,1000,1747,DEPOT->CUSTOMER,5.216,5.995
1168,2990001,28,1000,1747,CUSTOMER->DEPOT,5.229,6.017
1169,2990001,29,1000,131511,DEPOT->CUSTOMER,23.67,27.258
1170,2990001,29,1000,131511,CUSTOMER->DEPOT,23.656,27.225
1171,2990001,30,1000,131460,DEPOT->CUSTOMER,44.79,49.511
1172,2990001,30,1000,131460,CUSTOMER->DEPOT,44.712,49.445
1173,2990001,31,1000,10825,DEPOT->CUSTOMER,23.633,27.291
1174,2990001,31,1000,10825,CUSTOMER->DEPOT,23.401,27.038
1175,2990001,32,1000,136700,DEPOT->CUSTOMER,49.326,54.395
1176,2990001,32,1000,136700,CUSTOMER->DEPOT,49.63,54.406
1177,2990001,33,1000,1518,DEPOT->CUSTOMER,31.049,32.406
1178,2990001,33,1000,1518,CUSTOMER->DEPOT,31.093,32.45
1179,2990001,34,1000,1243,DEPOT->CUSTOMER,22.349,25.806
1180,2990001,34,1000,1243,CUSTOMER->DEPOT,22.951,26.29
1181,2990001,35,1000,923142,DEPOT->CUSTOMER,24.327,46.266
1182,2990001,35,1000,923142,CUSTOMER->DEPOT,24.327,46.266
1183,2990001,36,1000,1118,DEPOT->CUSTOMER,46.679,51.986
1184,2990001,36,1000,1118,CUSTOMER->DEPOT,46.843,52.448
1185,2990001,37,1000,920704,DEPOT->CUSTOMER,63.229,65.142
1186,2990001,37,1000,920704,CUSTOMER->DEPOT,63.271,65.186
1187,2990001,38,1000,131332,DEPOT->CUSTOMER,65.013,67.166
1188,2990001,38,1000,131332,CUSTOMER->DEPOT,65.096,67.243
1189,2990001,39,1000,131334,DEPOT->CUSTOMER,65.736,68.112
1190,2990001,39,1000,131334,CUSTOMER->DEPOT,65.923,68.706
1191,2990001,40,1000,131337,DEPOT->CUSTOMER,65.945,68.387
1192,2990001,40,1000,131337,CUSTOMER->DEPOT,66.426,69.377
1193,2990001,41,1000,139148,DEPOT->CUSTOMER,49.628,51.271
1194,2990001,41,1000,139148,CUSTOMER->DEPOT,49.711,51.359
1195,2990001,42,1000,2038,DEPOT->CUSTOMER,30.608,32.032
1196,2990001,42,1000,2038,CUSTOMER->DEPOT,30.652,32.076
1197,2990001,43,1000,144321,DEPOT->CUSTOMER,20.76,22.066
1198,2990001,43,1000,144321,CUSTOMER->DEPOT,21.194,23.001
1199,2990001,44,1000,131469,DEPOT->CUSTOMER,46.361,51.26
1200,2990001,44,1000,131469,CUSTOMER->DEPOT,46.278,51.183
1201,2990001,45,1000,921709,DEPOT->CUSTOMER,21.456,22.484
1202,2990001,45,1000,921709,CUSTOMER->DEPOT,21.468,22.495
1203,2990001,46,1000,15323,DEPOT->CUSTOMER,44.886,46.508
1204,2990001,46,1000,15323,CUSTOMER->DEPOT,44.969,46.585
1205,2990001,47,1000,1186,DEPOT->CUSTOMER,21.64,25.388
1206,2990001,47,1000,1186,CUSTOMER->DEPOT,21.64,25.388
1207,2990001,48,1000,744,DEPOT->CUSTOMER,30.301,33.968
1208,2990001,48,1000,744,CUSTOMER->DEPOT,30.276,33.935
1209,2990001,49,1000,739,DEPOT->CUSTOMER,39.269,41.987
1210,2990001,49,1000,739,CUSTOMER->DEPOT,39.778,42.284
1211,2990001,50,1000,738,DEPOT->CUSTOMER,50.717,55.759
1212,2990001,50,1000,738,CUSTOMER->DEPOT,51.021,55.759
1213,2990001,51,1000,7521,DEPOT->CUSTOMER,30.747,32.098
1214,2990001,51,1000,7521,CUSTOMER->DEPOT,30.791,32.142
1215,2990001,52,1000,7522,DEPOT->CUSTOMER,21.095,22.792
1216,2990001,52,1000,7522,CUSTOMER->DEPOT,20.894,22.352
1217,2990001,53,1000,7930,DEPOT->CUSTOMER,47.035,54.208
1218,2990001,53,1000,7930,CUSTOMER->DEPOT,47.532,54.472
1219,2990001,54,1000,7935,DEPOT->CUSTOMER,56.861,59.752
1220,2990001,54,1000,7935,CUSTOMER->DEPOT,57.343,60.016
1221,2990001,55,1000,7945,DEPOT->CUSTOMER,56.641,60.258
1222,2990001,55,1000,7945,CUSTOMER->DEPOT,58.145,61.226
1223,2990001,56,1000,7959,DEPOT->CUSTOMER,66.025,67.914
1224,2990001,56,1000,7959,CUSTOMER->DEPOT,66.129,68.024
1225,2990001,57,1000,15203,DEPOT->CUSTOMER,46.24,51.337
1226,2990001,57,1000,15203,CUSTOMER->DEPOT,46.318,51.216
1227,2990001,58,1000,15208,DEPOT->CUSTOMER,21.342,22.638
1228,2990001,58,1000,15208,CUSTOMER->DEPOT,20.822,22.11
1229,2990001,59,1000,15328,DEPOT->CUSTOMER,20.812,22.165
1230,2990001,59,1000,15328,CUSTOMER->DEPOT,20.869,22.308
1231,2990001,60,1000,143115,DEPOT->CUSTOMER,30.954,33.022
1232,2990001,60,1000,143115,CUSTOMER->DEPOT,30.957,33.022
1233,2990001,61,1000,921336,DEPOT->CUSTOMER,21.254,23.111
1234,2990001,61,1000,921336,CUSTOMER->DEPOT,21.244,23.122
1235,2990001,62,1000,7552,DEPOT->CUSTOMER,31.714,35.794
1236,2990001,62,1000,7552,CUSTOMER->DEPOT,31.671,35.75
1237,2990001,63,1000,137670,DEPOT->CUSTOMER,52.776,57.915
1238,2990001,63,1000,137670,CUSTOMER->DEPOT,53.08,57.926
1239,2990001,64,1000,921733,DEPOT->CUSTOMER,30.823,32.241
1240,2990001,64,1000,921733,CUSTOMER->DEPOT,30.867,32.285
1241,2990001,65,1000,139187,DEPOT->CUSTOMER,30.228,32.186
1242,2990001,65,1000,139187,CUSTOMER->DEPOT,30.23,32.186
1243,2990001,66,1000,144863,DEPOT->CUSTOMER,21.067,22.726
1244,2990001,66,1000,144863,CUSTOMER->DEPOT,20.939,22.462
1245,2990001,67,1000,882,DEPOT->CUSTOMER,20.838,22.22
1246,2990001,67,1000,882,CUSTOMER->DEPOT,20.83,22.22
1247,2990001,68,1000,131459,DEPOT->CUSTOMER,20.379,21.505
1248,2990001,68,1000,131459,CUSTOMER->DEPOT,20.373,21.494
1249,2990001,69,1000,145214,DEPOT->CUSTOMER,21.084,22.77
1250,2990001,69,1000,145214,CUSTOMER->DEPOT,21.064,22.737
1251,2990001,70,1000,922327,DEPOT->CUSTOMER,20.386,21.406
1252,2990001,70,1000,922327,CUSTOMER->DEPOT,20.19,21.197
1253,2990001,71,1000,141675,DEPOT->CUSTOMER,1.916,3.201
1254,2990001,71,1000,141675,CUSTOMER->DEPOT,1.825,3.08
1255,2990001,72,1000,138199,DEPOT->CUSTOMER,20.391,21.406
1256,2990001,72,1000,138199,CUSTOMER->DEPOT,20.662,21.681
1257,2990001,73,1000,136942,DEPOT->CUSTOMER,46.191,50.908
1258,2990001,73,1000,136942,CUSTOMER->DEPOT,46.109,50.82
1259,2990001,74,1000,139168,DEPOT->CUSTOMER,31.488,35.145
1260,2990001,74,1000,139168,CUSTOMER->DEPOT,31.964,35.409
1261,2990001,75,1000,923591,DEPOT->CUSTOMER,21.923,25.993
1262,2990001,75,1000,923591,CUSTOMER->DEPOT,22.42,24.673
1263,2990001,76,1000,923589,DEPOT->CUSTOMER,42.933,47.509
1264,2990001,76,1000,923589,CUSTOMER->DEPOT,42.856,47.432
1265,2990001,77,1000,923590,DEPOT->CUSTOMER,20.815,22.033
1266,2990001,77,1000,923590,CUSTOMER->DEPOT,20.522,21.824
1267,2990001,78,1000,593,DEPOT->CUSTOMER,54.588,57.387
1268,2990001,78,1000,593,CUSTOMER->DEPOT,55.069,57.662
1269,2990001,79,1000,1439,DEPOT->CUSTOMER,22.291,24.893
1270,2990001,79,1000,1439,CUSTOMER->DEPOT,22.757,25.146
1271,2990001,80,1000,922197,DEPOT->CUSTOMER,44.925,49.577
1272,2990001,80,1000,922197,CUSTOMER->DEPOT,44.848,49.5
1273,2990001,81,1000,141548,DEPOT->CUSTOMER,48.246,53.097
1274,2990001,81,1000,141548,CUSTOMER->DEPOT,48.169,53.02
1275,2990001,82,1000,1654,DEPOT->CUSTOMER,51.842,53.548
1276,2990001,82,1000,1654,CUSTOMER->DEPOT,51.925,53.625
1277,2990001,83,1000,131249,DEPOT->CUSTOMER,21.321,22.726
1278,2990001,83,1000,131249,CUSTOMER->DEPOT,21.168,22.693
1279,2990001,84,1000,131250,DEPOT->CUSTOMER,22.484,26.103
1280,2990001,84,1000,131250,CUSTOMER->DEPOT,23.085,26.587
1281,2990001,85,1000,131247,DEPOT->CUSTOMER,21.967,24.002
1282,2990001,85,1000,131247,CUSTOMER->DEPOT,21.49,24.035
1283,2990001,86,1000,131248,DEPOT->CUSTOMER,30.658,34.287
1284,2990001,86,1000,131248,CUSTOMER->DEPOT,30.644,34.254
1285,2990001,87,1000,921003,DEPOT->CUSTOMER,21.248,23.122
1286,2990001,87,1000,921003,CUSTOMER->DEPOT,21.247,23.133
1287,2990001,88,1000,922910,DEPOT->CUSTOMER,56.72,60.434
1288,2990001,88,1000,922910,CUSTOMER->DEPOT,58.224,61.391
1289,2990001,89,1000,132531,DEPOT->CUSTOMER,19.958,21.406
1290,2990001,89,1000,132531,CUSTOMER->DEPOT,19.963,21.417
1291,2990001,90,1000,144561,DEPOT->CUSTOMER,46.706,52.206
1292,2990001,90,1000,144561,CUSTOMER->DEPOT,46.59,52.096
1293,2990001,91,1000,1644,DEPOT->CUSTOMER,23.152,25.828
1294,2990001,91,1000,1644,CUSTOMER->DEPOT,23.64,26.103
1295,2990001,92,1000,606,DEPOT->CUSTOMER,34.397,35.904
1296,2990001,92,1000,606,CUSTOMER->DEPOT,34.48,35.992
1297,2990001,93,1000,10538,DEPOT->CUSTOMER,65.369,67.276
1298,2990001,93,1000,10538,CUSTOMER->DEPOT,65.411,67.309
1299,2990001,94,1000,142115,DEPOT->CUSTOMER,64.328,66.253
1300,2990001,94,1000,142115,CUSTOMER->DEPOT,64.411,66.341
1301,2990001,96,1000,133688,DEPOT->CUSTOMER,34.208,37.895
1302,2990001,96,1000,133688,CUSTOMER->DEPOT,34.194,37.862
1303,2990001,97,1000,133703,DEPOT->CUSTOMER,33.597,37.268
1304,2990001,97,1000,133703,CUSTOMER->DEPOT,33.583,37.246
1305,2990001,98,1000,142854,DEPOT->CUSTOMER,65.996,68.101
1306,2990001,98,1000,142854,CUSTOMER->DEPOT,66.037,68.145
1307,2990001,99,1000,1539,DEPOT->CUSTOMER,21.152,22.913
1308,2990001,99,1000,1539,CUSTOMER->DEPOT,20.73,22.0
1309,2990001,100,1000,326,DEPOT->CUSTOMER,30.599,34.309
1310,2990001,100,1000,326,CUSTOMER->DEPOT,30.586,34.276
1311,2990001,101,1000,871,DEPOT->CUSTOMER,45.79,50.6
1312,2990001,101,1000,871,CUSTOMER->DEPOT,45.737,50.776
1313,2990001,102,1000,134513,DEPOT->CUSTOMER,57.188,62.403
1314,2990001,102,1000,134513,CUSTOMER->DEPOT,57.492,62.403
1315,2990001,103,1000,1760,DEPOT->CUSTOMER,43.796,48.378
1316,2990001,103,1000,1760,CUSTOMER->DEPOT,43.719,48.301
1317,2990001,104,1000,920697,DEPOT->CUSTOMER,39.115,42.735
1318,2990001,104,1000,920697,CUSTOMER->DEPOT,39.089,42.702
1319,2990001,105,1000,7634,DEPOT->CUSTOMER,24.159,29.931
1320,2990001,105,1000,7634,CUSTOMER->DEPOT,24.712,30.305
1321,2990001,106,1000,414,DEPOT->CUSTOMER,19.483,20.702
1322,2990001,106,1000,414,CUSTOMER->DEPOT,19.667,21.318
1323,2990001,107,1000,1078,DEPOT->CUSTOMER,0.161,0.429
1324,2990001,107,1000,1078,CUSTOMER->DEPOT,0.161,0.429
1325,2990001,108,1000,145229,DEPOT->CUSTOMER,0.847,1.881
1326,2990001,108,1000,145229,CUSTOMER->DEPOT,0.847,1.881
1327,2990001,109,1000,1387,DEPOT->CUSTOMER,28.742,30.03
1328,2990001,109,1000,1387,CUSTOMER->DEPOT,28.786,30.074
1329,2990001,110,1000,921035,DEPOT->CUSTOMER,30.586,31.933
1330,2990001,110,1000,921035,CUSTOMER->DEPOT,30.63,31.977
1331,2990001,111,1000,921824,DEPOT->CUSTOMER,33.259,34.65
1332,2990001,111,1000,921824,CUSTOMER->DEPOT,33.341,34.738
1333,2990001,112,1000,922911,DEPOT->CUSTOMER,71.039,74.36
1334,2990001,112,1000,922911,CUSTOMER->DEPOT,71.911,74.459
1335,2990001,113,1000,923700,DEPOT->CUSTOMER,26.632,30.206
1336,2990001,113,1000,923700,CUSTOMER->DEPOT,26.618,30.173
1337,2990001,114,1000,922265,DEPOT->CUSTOMER,22.032,24.816
1338,2990001,114,1000,922265,CUSTOMER->DEPOT,22.021,24.838
1339,2990001,115,1000,1193,DEPOT->CUSTOMER,21.147,24.431
1340,2990001,115,1000,1193,CUSTOMER->DEPOT,21.147,24.431
1341,2990001,116,1000,133893,DEPOT->CUSTOMER,65.13,67.529
1342,2990001,116,1000,133893,CUSTOMER->DEPOT,65.078,67.375
1343,2990001,117,1000,2198,DEPOT->CUSTOMER,47.422,54.604
1344,2990001,117,1000,2198,CUSTOMER->DEPOT,47.919,54.868
1345,2990001,118,1000,1676,DEPOT->CUSTOMER,46.32,50.941
1346,2990001,118,1000,1676,CUSTOMER->DEPOT,46.203,50.831
1347,2990001,119,1000,27,DEPOT->CUSTOMER,21.432,23.298
1348,2990001,119,1000,27,CUSTOMER->DEPOT,21.421,23.518
1349,2990001,120,1000,1199,DEPOT->CUSTOMER,21.286,23.177
1350,2990001,120,1000,1199,CUSTOMER->DEPOT,21.275,23.199
1351,2990001,121,1000,1805,DEPOT->CUSTOMER,1.921,3.212
1352,2990001,121,1000,1805,CUSTOMER->DEPOT,1.82,3.08
1353,2990001,122,1000,136504,DEPOT->CUSTOMER,22.186,25.157
1354,2990001,122,1000,136504,CUSTOMER->DEPOT,22.176,25.179
1355,2990001,123,1000,1665,DEPOT->CUSTOMER,65.327,67.859
1356,2990001,123,1000,1665,CUSTOMER->DEPOT,65.41,67.947
1357,2990001,124,1000,922098,DEPOT->CUSTOMER,65.371,67.254
1358,2990001,124,1000,922098,CUSTOMER->DEPOT,65.475,67.364
1359,2990001,125,1000,139545,DEPOT->CUSTOMER,66.281,68.915
1360,2990001,125,1000,139545,CUSTOMER->DEPOT,67.266,69.751
1361,3005971,1,1000,587,DEPOT->CUSTOMER,28.349,36.124
1362,3005971,1,1000,587,CUSTOMER->DEPOT,28.349,36.124
1363,3005971,2,1000,138089,DEPOT->CUSTOMER,21.731,22.957
1364,3005971,2,1000,138089,CUSTOMER->DEPOT,21.605,22.814
1365,3005971,3,1000,139381,DEPOT->CUSTOMER,120.193,128.821
1366,3005971,3,1000,139381,CUSTOMER->DEPOT,120.234,128.865
1367,3005971,4,1000,15362,DEPOT->CUSTOMER,97.191,105.622
1368,3005971,4,1000,15362,CUSTOMER->DEPOT,97.495,105.622
1369,3005971,5,1000,921372,DEPOT->CUSTOMER,24.132,26.576
1370,3005971,5,1000,921372,CUSTOMER->DEPOT,24.613,26.84
1371,3005971,6,1000,144593,DEPOT->CUSTOMER,95.007,102.289
1372,3005971,6,1000,144593,CUSTOMER->DEPOT,95.312,102.289
1373,3005971,7,1000,141028,DEPOT->CUSTOMER,31.986,35.497
1374,3005971,7,1000,141028,CUSTOMER->DEPOT,31.961,35.464
1375,3005971,8,1000,142598,DEPOT->CUSTOMER,21.623,23.32
1376,3005971,8,1000,142598,CUSTOMER->DEPOT,21.611,23.287
1377,3005971,9,1000,138020,DEPOT->CUSTOMER,20.229,22.517
1378,3005971,9,1000,138020,CUSTOMER->DEPOT,20.709,23.034
1379,3005971,10,1000,923163,DEPOT->CUSTOMER,30.163,33.66
1380,3005971,10,1000,923163,CUSTOMER->DEPOT,30.138,33.638
1381,3005971,11,1000,10813,DEPOT->CUSTOMER,30.055,33.528
1382,3005971,11,1000,10813,CUSTOMER->DEPOT,30.013,33.484
1383,3005971,12,1000,15031,DEPOT->CUSTOMER,99.976,102.795
1384,3005971,12,1000,15031,CUSTOMER->DEPOT,99.644,102.509
1385,3005971,13,1000,136174,DEPOT->CUSTOMER,30.162,33.66
1386,3005971,13,1000,136174,CUSTOMER->DEPOT,30.136,33.638
1387,3005971,14,1000,139459,DEPOT->CUSTOMER,94.918,102.047
1388,3005971,14,1000,139459,CUSTOMER->DEPOT,95.222,102.058
1389,3005971,15,1000,140805,DEPOT->CUSTOMER,21.406,23.012
1390,3005971,15,1000,140805,CUSTOMER->DEPOT,21.083,22.407
1391,3005971,16,1000,920420,DEPOT->CUSTOMER,95.311,102.476
1392,3005971,16,1000,920420,CUSTOMER->DEPOT,95.615,102.476
1393,3005971,17,1000,137637,DEPOT->CUSTOMER,66.673,70.895
1394,3005971,17,1000,137637,CUSTOMER->DEPOT,66.659,70.862
1395,3005971,18,1000,136040,DEPOT->CUSTOMER,67.829,72.666
1396,3005971,18,1000,136040,CUSTOMER->DEPOT,67.699,72.38
1397,3005971,19,1000,131752,DEPOT->CUSTOMER,100.105,103.279
1398,3005971,19,1000,131752,CUSTOMER->DEPOT,99.768,102.927
1399,3005971,20,1000,15308,DEPOT->CUSTOMER,99.637,102.322
1400,3005971,20,1000,15308,CUSTOMER->DEPOT,99.678,102.355
1401,3005971,21,1000,922202,DEPOT->CUSTOMER,20.398,21.417
1402,3005971,21,1000,922202,CUSTOMER->DEPOT,19.912,20.922
1403,3005971,22,1000,139925,DEPOT->CUSTOMER,58.665,61.534
1404,3005971,22,1000,139925,CUSTOMER->DEPOT,59.141,61.798
1405,3005971,23,1000,920456,DEPOT->CUSTOMER,23.853,29.106
1406,3005971,23,1000,920456,CUSTOMER->DEPOT,24.391,29.458
1407,3005971,24,1000,136683,DEPOT->CUSTOMER,98.825,106.062
1408,3005971,24,1000,136683,CUSTOMER->DEPOT,99.129,106.073
1409,3005971,25,1000,923930,DEPOT->CUSTOMER,28.409,36.322
1410,3005971,25,1000,923930,CUSTOMER->DEPOT,28.409,36.322
1411,3005971,26,1000,1657,DEPOT->CUSTOMER,99.856,102.399
1412,3005971,26,1000,1657,CUSTOMER->DEPOT,99.843,102.388
1413,3005971,27,1000,1072,DEPOT->CUSTOMER,96.393,103.609
1414,3005971,27,1000,1072,CUSTOMER->DEPOT,96.697,103.62
1415,3005971,28,1000,142318,DEPOT->CUSTOMER,78.902,80.993
1416,3005971,28,1000,142318,CUSTOMER->DEPOT,78.944,81.037
1417,3005971,29,1000,838,DEPOT->CUSTOMER,73.251,89.177
1418,3005971,29,1000,838,CUSTOMER->DEPOT,73.334,89.265
1419,3005971,30,1000,1065,DEPOT->CUSTOMER,98.314,105.501
1420,3005971,30,1000,1065,CUSTOMER->DEPOT,98.618,105.501
1421,3005971,31,1000,144514,DEPOT->CUSTOMER,99.654,102.663
1422,3005971,31,1000,144514,CUSTOMER->DEPOT,99.602,102.465
1423,3005971,32,1000,921675,DEPOT->CUSTOMER,21.584,23.232
1424,3005971,32,1000,921675,CUSTOMER->DEPOT,21.592,23.243
1425,3005971,33,1000,744,DEPOT->CUSTOMER,30.301,33.968
1426,3005971,33,1000,744,CUSTOMER->DEPOT,30.276,33.935
1427,3005971,34,1000,743,DEPOT->CUSTOMER,25.632,28.677
1428,3005971,34,1000,743,CUSTOMER->DEPOT,25.589,28.633
1429,3005971,35,1000,742,DEPOT->CUSTOMER,28.324,36.19
1430,3005971,35,1000,742,CUSTOMER->DEPOT,28.324,36.19
1431,3005971,36,1000,740,DEPOT->CUSTOMER,28.387,36.278
1432,3005971,36,1000,740,CUSTOMER->DEPOT,28.387,36.278
1433,3005971,37,1000,7896,DEPOT->CUSTOMER,67.526,71.775
1434,3005971,37,1000,7896,CUSTOMER->DEPOT,67.475,71.709
1435,3005971,38,1000,15161,DEPOT->CUSTOMER,99.857,102.399
1436,3005971,38,1000,15161,CUSTOMER->DEPOT,99.52,102.047
1437,3005971,39,1000,15206,DEPOT->CUSTOMER,19.637,21.318
1438,3005971,39,1000,15206,CUSTOMER->DEPOT,19.445,20.999
1439,3005971,40,1000,15209,DEPOT->CUSTOMER,31.638,35.629
1440,3005971,40,1000,15209,CUSTOMER->DEPOT,31.595,35.585
1441,3005971,41,1000,15210,DEPOT->CUSTOMER,96.038,103.18
1442,3005971,41,1000,15210,CUSTOMER->DEPOT,96.342,103.191
1443,3005971,42,1000,15251,DEPOT->CUSTOMER,21.047,23.474
1444,3005971,42,1000,15251,CUSTOMER->DEPOT,21.041,23.463
1445,3005971,43,1000,15252,DEPOT->CUSTOMER,31.081,33.528
1446,3005971,43,1000,15252,CUSTOMER->DEPOT,31.562,33.792
1447,3005971,44,1000,15253,DEPOT->CUSTOMER,21.503,23.452
1448,3005971,44,1000,15253,CUSTOMER->DEPOT,21.491,23.683
1449,3005971,45,1000,139007,DEPOT->CUSTOMER,21.399,22.99
1450,3005971,45,1000,139007,CUSTOMER->DEPOT,21.09,22.429
1451,3005971,46,1000,921336,DEPOT->CUSTOMER,21.254,23.111
1452,3005971,46,1000,921336,CUSTOMER->DEPOT,21.244,23.122
1453,3005971,47,1000,922557,DEPOT->CUSTOMER,21.012,23.804
1454,3005971,47,1000,922557,CUSTOMER->DEPOT,21.555,24.123
1455,3005971,48,1000,142687,DEPOT->CUSTOMER,99.35,101.992
1456,3005971,48,1000,142687,CUSTOMER->DEPOT,99.392,102.036
1457,3005971,49,1000,7552,DEPOT->CUSTOMER,31.714,35.794
1458,3005971,49,1000,7552,CUSTOMER->DEPOT,31.671,35.75
1459,3005971,50,1000,1664,DEPOT->CUSTOMER,99.784,102.542
1460,3005971,50,1000,1664,CUSTOMER->DEPOT,99.825,102.575
1461,3005971,51,1000,920365,DEPOT->CUSTOMER,67.484,71.698
1462,3005971,51,1000,920365,CUSTOMER->DEPOT,67.451,71.643
1463,3005971,52,1000,922656,DEPOT->CUSTOMER,99.519,102.102
1464,3005971,52,1000,922656,CUSTOMER->DEPOT,99.56,102.146
1465,3005971,53,1000,141898,DEPOT->CUSTOMER,99.276,101.783
1466,3005971,53,1000,141898,CUSTOMER->DEPOT,99.318,101.827
1467,3005971,54,1000,922137,DEPOT->CUSTOMER,99.853,102.399
1468,3005971,54,1000,922137,CUSTOMER->DEPOT,99.84,102.377
1469,3005971,55,1000,1281,DEPOT->CUSTOMER,22.301,25.476
1470,3005971,55,1000,1281,CUSTOMER->DEPOT,22.22,24.035
1471,3005971,56,1000,15261,DEPOT->CUSTOMER,19.774,26.609
1472,3005971,56,1000,15261,CUSTOMER->DEPOT,19.774,26.609
1473,3005971,57,1000,1149,DEPOT->CUSTOMER,32.631,37.818
1474,3005971,57,1000,1149,CUSTOMER->DEPOT,32.549,37.686
1475,3005971,58,1000,131250,DEPOT->CUSTOMER,22.484,26.103
1476,3005971,58,1000,131250,CUSTOMER->DEPOT,23.085,26.587
1477,3005971,59,1000,131251,DEPOT->CUSTOMER,32.876,38.346
1478,3005971,59,1000,131251,CUSTOMER->DEPOT,32.955,38.566
1479,3005971,60,1000,131252,DEPOT->CUSTOMER,31.653,35.662
1480,3005971,60,1000,131252,CUSTOMER->DEPOT,31.61,35.618
1481,3005971,61,1000,131242,DEPOT->CUSTOMER,19.758,26.565
1482,3005971,61,1000,131242,CUSTOMER->DEPOT,19.758,26.565
1483,3005971,62,1000,131247,DEPOT->CUSTOMER,21.967,24.002
1484,3005971,62,1000,131247,CUSTOMER->DEPOT,21.49,24.035
1485,3005971,63,1000,1071,DEPOT->CUSTOMER,95.956,103.103
1486,3005971,63,1000,1071,CUSTOMER->DEPOT,96.26,103.114
1487,3005971,64,1000,922045,DEPOT->CUSTOMER,95.014,102.311
1488,3005971,64,1000,922045,CUSTOMER->DEPOT,95.318,102.311
1489,3005971,65,1000,138954,DEPOT->CUSTOMER,31.78,35.508
1490,3005971,65,1000,138954,CUSTOMER->DEPOT,31.737,35.464
1491,3005971,66,1000,1405,DEPOT->CUSTOMER,29.912,31.075
1492,3005971,66,1000,1405,CUSTOMER->DEPOT,29.915,31.075
1493,3005971,67,1000,1077,DEPOT->CUSTOMER,98.752,106.073
1494,3005971,67,1000,1077,CUSTOMER->DEPOT,99.056,106.084
1495,3005971,68,1000,10538,DEPOT->CUSTOMER,65.369,67.276
1496,3005971,68,1000,10538,CUSTOMER->DEPOT,65.411,67.309
1497,3005971,69,1000,1656,DEPOT->CUSTOMER,97.069,100.023
1498,3005971,69,1000,1656,CUSTOMER->DEPOT,97.111,100.067
1499,3005971,70,1000,143676,DEPOT->CUSTOMER,97.069,100.023
1500,3005971,70,1000,143676,CUSTOMER->DEPOT,97.111,100.067
1501,3005971,71,1000,131279,DEPOT->CUSTOMER,99.626,102.498
1502,3005971,71,1000,131279,CUSTOMER->DEPOT,99.667,102.542
1503,3005971,72,1000,131281,DEPOT->CUSTOMER,97.08,100.056
1504,3005971,72,1000,131281,CUSTOMER->DEPOT,97.121,100.1
1505,3005971,73,1000,142135,DEPOT->CUSTOMER,95.807,102.949
1506,3005971,73,1000,142135,CUSTOMER->DEPOT,96.111,102.96
1507,3005971,74,1000,139927,DEPOT->CUSTOMER,57.826,60.676
1508,3005971,74,1000,139927,CUSTOMER->DEPOT,58.302,60.94
1509,3005971,75,1000,938,DEPOT->CUSTOMER,29.704,30.866
1510,3005971,75,1000,938,CUSTOMER->DEPOT,29.707,30.866
1511,3005971,76,1000,133682,DEPOT->CUSTOMER,23.848,29.106
1512,3005971,76,1000,133682,CUSTOMER->DEPOT,24.386,29.447
1513,3005971,77,1000,133685,DEPOT->CUSTOMER,16.499,17.457
1514,3005971,77,1000,133685,CUSTOMER->DEPOT,16.499,17.457
1515,3005971,78,1000,1539,DEPOT->CUSTOMER,21.152,22.913
1516,3005971,78,1000,1539,CUSTOMER->DEPOT,20.73,22.0
1517,3005971,79,1000,307,DEPOT->CUSTOMER,32.536,37.598
1518,3005971,79,1000,307,CUSTOMER->DEPOT,32.493,37.554
1519,3005971,80,1000,1075,DEPOT->CUSTOMER,99.684,106.975
1520,3005971,80,1000,1075,CUSTOMER->DEPOT,99.988,106.975
1521,3005971,81,1000,7634,DEPOT->CUSTOMER,24.159,29.931
1522,3005971,81,1000,7634,CUSTOMER->DEPOT,24.712,30.305
1523,3005971,82,1000,920233,DEPOT->CUSTOMER,96.05,103.202
1524,3005971,82,1000,920233,CUSTOMER->DEPOT,96.354,103.202
1525,3005971,83,1000,141810,DEPOT->CUSTOMER,33.575,39.886
1526,3005971,83,1000,141810,CUSTOMER->DEPOT,33.531,39.842
1527,3005971,84,1000,134087,DEPOT->CUSTOMER,66.669,70.851
1528,3005971,84,1000,134087,CUSTOMER->DEPOT,66.656,70.818
1529,3005971,85,1000,131820,DEPOT->CUSTOMER,67.727,72.017
1530,3005971,85,1000,131820,CUSTOMER->DEPOT,67.713,71.984
1531,3005971,86,1000,923845,DEPOT->CUSTOMER,67.214,71.412
1532,3005971,86,1000,923845,CUSTOMER->DEPOT,67.2,71.379
1533,3005971,87,1000,138131,DEPOT->CUSTOMER,99.328,101.948
1534,3005971,87,1000,138131,CUSTOMER->DEPOT,100.079,102.718
1535,3005971,88,1000,138622,DEPOT->CUSTOMER,20.666,22.132
1536,3005971,88,1000,138622,CUSTOMER->DEPOT,20.66,22.121
1537,3005971,89,1000,921194,DEPOT->CUSTOMER,100.203,102.619
1538,3005971,89,1000,921194,CUSTOMER->DEPOT,99.012,101.409
1539,3005971,90,1000,921195,DEPOT->CUSTOMER,93.167,95.601
1540,3005971,90,1000,921195,CUSTOMER->DEPOT,93.208,95.634
1541,3005971,91,1000,143905,DEPOT->CUSTOMER,60.605,63.701
1542,3005971,91,1000,143905,CUSTOMER->DEPOT,61.082,63.965
1543,3005971,92,1000,922468,DEPOT->CUSTOMER,67.738,72.182
1544,3005971,92,1000,922468,CUSTOMER->DEPOT,67.728,72.039
1545,3005971,93,1000,143271,DEPOT->CUSTOMER,58.02,61.336
1546,3005971,93,1000,143271,CUSTOMER->DEPOT,58.496,61.6
1547,3005971,94,1000,137663,DEPOT->CUSTOMER,58.261,61.281
1548,3005971,94,1000,137663,CUSTOMER->DEPOT,58.738,61.545
1549,3005971,95,1000,168,DEPOT->CUSTOMER,63.32,65.351
1550,3005971,95,1000,168,CUSTOMER->DEPOT,63.361,65.395
1551,3005971,96,1000,921276,DEPOT->CUSTOMER,20.99,22.561
1552,3005971,96,1000,921276,CUSTOMER->DEPOT,21.03,22.66
1553,3005971,97,1000,285,DEPOT->CUSTOMER,100.556,102.982
1554,3005971,97,1000,285,CUSTOMER->DEPOT,100.582,103.004
1555,3005971,98,1000,1667,DEPOT->CUSTOMER,100.125,102.542
1556,3005971,98,1000,1667,CUSTOMER->DEPOT,100.174,102.586
1557,3005971,99,1000,923737,DEPOT->CUSTOMER,62.786,69.476
1558,3005971,99,1000,923737,CUSTOMER->DEPOT,62.869,69.564
1559,2604001,1,1000,134143,DEPOT->CUSTOMER,65.087,67.43
1560,2604001,1,1000,134143,CUSTOMER->DEPOT,65.121,67.474
1561,2604001,2,1000,138087,DEPOT->CUSTOMER,31.173,34.815
1562,2604001,2,1000,138087,CUSTOMER->DEPOT,31.159,34.782
1563,2604001,3,1000,138157,DEPOT->CUSTOMER,47.352,54.527
1564,2604001,3,1000,138157,CUSTOMER->DEPOT,47.85,54.791
1565,2604001,4,1000,139542,DEPOT->CUSTOMER,65.532,67.518
1566,2604001,4,1000,139542,CUSTOMER->DEPOT,65.502,67.485
1567,2604001,5,1000,478,DEPOT->CUSTOMER,63.689,65.835
1568,2604001,5,1000,478,CUSTOMER->DEPOT,63.772,65.912
1569,2604001,6,1000,921127,DEPOT->CUSTOMER,57.008,60.038
1570,2604001,6,1000,921127,CUSTOMER->DEPOT,57.49,60.313
1571,2604001,7,1000,920300,DEPOT->CUSTOMER,46.201,50.831
1572,2604001,7,1000,920300,CUSTOMER->DEPOT,46.045,50.677
1573,2604001,8,1000,921302,DEPOT->CUSTOMER,21.314,23.122
1574,2604001,8,1000,921302,CUSTOMER->DEPOT,21.655,23.287
1575,2604001,9,1000,141028,DEPOT->CUSTOMER,31.986,35.497
1576,2604001,9,1000,141028,CUSTOMER->DEPOT,31.961,35.464
1577,2604001,10,1000,454,DEPOT->CUSTOMER,33.116,34.771
1578,2604001,10,1000,454,CUSTOMER->DEPOT,33.134,34.782
1579,2604001,11,1000,1408,DEPOT->CUSTOMER,21.388,23.408
1580,2604001,11,1000,1408,CUSTOMER->DEPOT,21.378,23.419
1581,2604001,12,1000,922636,DEPOT->CUSTOMER,29.251,32.857
1582,2604001,12,1000,922636,CUSTOMER->DEPOT,29.237,32.824
1583,2604001,13,1000,204,DEPOT->CUSTOMER,66.171,69.069
1584,2604001,13,1000,204,CUSTOMER->DEPOT,66.371,70.026
1585,2604001,14,1000,141727,DEPOT->CUSTOMER,65.38,68.013
1586,2604001,14,1000,141727,CUSTOMER->DEPOT,65.462,68.101
1587,2604001,15,1000,15027,DEPOT->CUSTOMER,46.242,50.886
1588,2604001,15,1000,15027,CUSTOMER->DEPOT,46.085,50.732
1589,2604001,16,1000,15030,DEPOT->CUSTOMER,30.466,32.087
1590,2604001,16,1000,15030,CUSTOMER->DEPOT,30.51,32.131
1591,2604001,17,1000,137381,DEPOT->CUSTOMER,65.34,67.892
1592,2604001,17,1000,137381,CUSTOMER->DEPOT,65.423,67.98
1593,2604001,18,1000,1016,DEPOT->CUSTOMER,45.769,50.402
1594,2604001,18,1000,1016,CUSTOMER->DEPOT,45.7,50.347
1595,2604001,19,1000,131768,DEPOT->CUSTOMER,20.81,22.429
1596,2604001,19,1000,131768,CUSTOMER->DEPOT,21.109,22.209
1597,2604001,20,1000,137635,DEPOT->CUSTOMER,24.165,26.686
1598,2604001,20,1000,137635,CUSTOMER->DEPOT,24.646,26.95
1599,2604001,21,1000,532,DEPOT->CUSTOMER,54.364,57.167
1600,2604001,21,1000,532,CUSTOMER->DEPOT,54.845,57.431
1601,2604001,22,1000,142542,DEPOT->CUSTOMER,33.702,37.543
1602,2604001,22,1000,142542,CUSTOMER->DEPOT,33.658,37.499
1603,2604001,23,1000,131511,DEPOT->CUSTOMER,23.67,27.258
1604,2604001,23,1000,131511,CUSTOMER->DEPOT,23.656,27.225
1605,2604001,24,1000,922202,DEPOT->CUSTOMER,20.398,21.417
1606,2604001,24,1000,922202,CUSTOMER->DEPOT,19.912,20.922
1607,2604001,25,1000,15221,DEPOT->CUSTOMER,65.466,68.288
1608,2604001,25,1000,15221,CUSTOMER->DEPOT,65.549,68.365
1609,2604001,26,1000,138277,DEPOT->CUSTOMER,45.842,50.49
1610,2604001,26,1000,138277,CUSTOMER->DEPOT,45.756,50.391
1611,2604001,27,1000,136700,DEPOT->CUSTOMER,49.326,54.395
1612,2604001,27,1000,136700,CUSTOMER->DEPOT,49.63,54.406
1613,2604001,28,1000,142677,DEPOT->CUSTOMER,32.211,36.52
1614,2604001,28,1000,142677,CUSTOMER->DEPOT,32.687,36.784
1615,2604001,29,1000,1118,DEPOT->CUSTOMER,46.679,51.986
1616,2604001,29,1000,1118,CUSTOMER->DEPOT,46.843,52.448
1617,2604001,30,1000,144680,DEPOT->CUSTOMER,47.51,49.445
1618,2604001,30,1000,144680,CUSTOMER->DEPOT,47.593,49.533
1619,2604001,31,1000,1651,DEPOT->CUSTOMER,65.249,67.617
1620,2604001,31,1000,1651,CUSTOMER->DEPOT,65.331,67.694
1621,2604001,32,1000,131335,DEPOT->CUSTOMER,54.793,56.65
1622,2604001,32,1000,131335,CUSTOMER->DEPOT,54.876,56.727
1623,2604001,33,1000,131336,DEPOT->CUSTOMER,54.394,58.927
1624,2604001,33,1000,131336,CUSTOMER->DEPOT,54.477,59.004
1625,2604001,34,1000,2038,DEPOT->CUSTOMER,30.608,32.032
1626,2604001,34,1000,2038,CUSTOMER->DEPOT,30.652,32.076
1627,2604001,35,1000,131470,DEPOT->CUSTOMER,30.621,31.999
1628,2604001,35,1000,131470,CUSTOMER->DEPOT,30.665,32.043
1629,2604001,36,1000,921675,DEPOT->CUSTOMER,21.584,23.232
1630,2604001,36,1000,921675,CUSTOMER->DEPOT,21.592,23.243
1631,2604001,37,1000,744,DEPOT->CUSTOMER,30.301,33.968
1632,2604001,37,1000,744,CUSTOMER->DEPOT,30.276,33.935
1633,2604001,38,1000,743,DEPOT->CUSTOMER,25.632,28.677
1634,2604001,38,1000,743,CUSTOMER->DEPOT,25.589,28.633
1635,2604001,39,1000,742,DEPOT->CUSTOMER,28.324,36.19
1636,2604001,39,1000,742,CUSTOMER->DEPOT,28.324,36.19
1637,2604001,40,1000,740,DEPOT->CUSTOMER,28.387,36.278
1638,2604001,40,1000,740,CUSTOMER->DEPOT,28.387,36.278
1639,2604001,41,1000,739,DEPOT->CUSTOMER,39.269,41.987
1640,2604001,41,1000,739,CUSTOMER->DEPOT,39.778,42.284
1641,2604001,42,1000,738,DEPOT->CUSTOMER,50.717,55.759
1642,2604001,42,1000,738,CUSTOMER->DEPOT,51.021,55.759
1643,2604001,43,1000,7521,DEPOT->CUSTOMER,30.747,32.098
1644,2604001,43,1000,7521,CUSTOMER->DEPOT,30.791,32.142
1645,2604001,44,1000,7525,DEPOT->CUSTOMER,1.997,3.421
1646,2604001,44,1000,7525,CUSTOMER->DEPOT,1.857,3.234
1647,2604001,45,1000,7930,DEPOT->CUSTOMER,47.035,54.208
1648,2604001,45,1000,7930,CUSTOMER->DEPOT,47.532,54.472
1649,2604001,46,1000,7935,DEPOT->CUSTOMER,56.861,59.752
1650,2604001,46,1000,7935,CUSTOMER->DEPOT,57.343,60.016
1651,2604001,47,1000,7945,DEPOT->CUSTOMER,56.641,60.258
1652,2604001,47,1000,7945,CUSTOMER->DEPOT,58.145,61.226
1653,2604001,48,1000,7959,DEPOT->CUSTOMER,66.025,67.914
1654,2604001,48,1000,7959,CUSTOMER->DEPOT,66.129,68.024
1655,2604001,49,1000,15202,DEPOT->CUSTOMER,2.133,3.608
1656,2604001,49,1000,15202,CUSTOMER->DEPOT,2.532,4.125
1657,2604001,50,1000,15203,DEPOT->CUSTOMER,46.24,51.337
1658,2604001,50,1000,15203,CUSTOMER->DEPOT,46.318,51.216
1659,2604001,51,1000,15204,CUSTOMER->DEPOT,21.234,22.462
1660,2604001,51,1000,15204,DEPOT->CUSTOMER,20.876,22.594
1661,2604001,52,1000,15206,CUSTOMER->DEPOT,19.445,20.999
1662,2604001,52,1000,15206,DEPOT->CUSTOMER,19.637,21.318
1663,2604001,53,1000,15207,CUSTOMER->DEPOT,20.561,22.704
1664,2604001,53,1000,15207,DEPOT->CUSTOMER,20.115,22.275
1665,2604001,54,1000,15208,CUSTOMER->DEPOT,20.822,22.11
1666,2604001,54,1000,15208,DEPOT->CUSTOMER,21.342,22.638
1667,2604001,55,1000,15209,CUSTOMER->DEPOT,31.595,35.585
1668,2604001,55,1000,15209,DEPOT->CUSTOMER,31.638,35.629
1669,2604001,56,1000,15249,CUSTOMER->DEPOT,20.865,22.297
1670,2604001,56,1000,15249,DEPOT->CUSTOMER,20.873,22.297
1671,2604001,57,1000,15250,CUSTOMER->DEPOT,19.91,21.307
1672,2604001,57,1000,15250,DEPOT->CUSTOMER,19.904,21.296
1673,2604001,58,1000,15251,CUSTOMER->DEPOT,21.041,23.463
1674,2604001,58,1000,15251,DEPOT->CUSTOMER,21.047,23.474
1675,2604001,59,1000,15252,CUSTOMER->DEPOT,31.562,33.792
1676,2604001,59,1000,15252,DEPOT->CUSTOMER,31.081,33.528
1677,2604001,60,1000,15253,CUSTOMER->DEPOT,21.491,23.683
1678,2604001,60,1000,15253,DEPOT->CUSTOMER,21.503,23.452
1679,2604001,61,1000,15328,CUSTOMER->DEPOT,20.869,22.308
1680,2604001,61,1000,15328,DEPOT->CUSTOMER,20.812,22.165
1681,2604001,62,1000,135579,CUSTOMER->DEPOT,22.084,24.167
1682,2604001,62,1000,135579,DEPOT->CUSTOMER,22.09,24.178
1683,2604001,63,1000,139007,CUSTOMER->DEPOT,21.09,22.429
1684,2604001,63,1000,139007,DEPOT->CUSTOMER,21.399,22.99
1685,2604001,64,1000,143115,CUSTOMER->DEPOT,30.957,33.022
1686,2604001,64,1000,143115,DEPOT->CUSTOMER,30.954,33.022
1687,2604001,65,1000,921336,CUSTOMER->DEPOT,21.244,23.122
1688,2604001,65,1000,921336,DEPOT->CUSTOMER,21.254,23.111
1689,2604001,66,1000,922557,CUSTOMER->DEPOT,21.555,24.123
1690,2604001,66,1000,922557,DEPOT->CUSTOMER,21.012,23.804
1691,2604001,67,1000,1684,CUSTOMER->DEPOT,20.004,21.021
1692,2604001,67,1000,1684,DEPOT->CUSTOMER,19.728,20.735
1693,2604001,68,1000,139187,CUSTOMER->DEPOT,30.23,32.186
1694,2604001,68,1000,139187,DEPOT->CUSTOMER,30.228,32.186
1695,2604001,69,1000,1687,CUSTOMER->DEPOT,30.981,32.527
1696,2604001,69,1000,1687,DEPOT->CUSTOMER,30.894,32.604
1697,2604001,70,1000,922075,CUSTOMER->DEPOT,45.567,50.182
1698,2604001,70,1000,922075,DEPOT->CUSTOMER,45.875,50.501
1699,2604001,71,1000,140493,CUSTOMER->DEPOT,5.248,6.05
1700,2604001,71,1000,140493,DEPOT->CUSTOMER,5.234,6.028
1701,2604001,72,1000,922805,CUSTOMER->DEPOT,45.701,50.325
1702,2604001,72,1000,922805,DEPOT->CUSTOMER,45.741,50.358
1703,2604001,73,1000,136942,CUSTOMER->DEPOT,46.109,50.82
1704,2604001,73,1000,136942,DEPOT->CUSTOMER,46.191,50.908
1705,2604001,74,1000,923589,CUSTOMER->DEPOT,42.856,47.432
1706,2604001,74,1000,923589,DEPOT->CUSTOMER,42.933,47.509
1707,2604001,75,1000,923590,CUSTOMER->DEPOT,20.522,21.824
1708,2604001,75,1000,923590,DEPOT->CUSTOMER,20.815,22.033
1709,2604001,76,1000,141548,CUSTOMER->DEPOT,48.169,53.02
1710,2604001,76,1000,141548,DEPOT->CUSTOMER,48.246,53.097
1711,2604001,77,1000,144394,CUSTOMER->DEPOT,46.408,51.634
1712,2604001,77,1000,144394,DEPOT->CUSTOMER,46.245,51.172
1713,2604001,78,1000,922773,CUSTOMER->DEPOT,22.935,25.96
1714,2604001,78,1000,922773,DEPOT->CUSTOMER,22.393,25.641
1715,2604001,79,1000,131248,CUSTOMER->DEPOT,30.644,34.254
1716,2604001,79,1000,131248,DEPOT->CUSTOMER,30.658,34.287
1717,2604001,80,1000,921003,CUSTOMER->DEPOT,21.247,23.133
1718,2604001,80,1000,921003,DEPOT->CUSTOMER,21.248,23.122
1719,2604001,81,1000,922910,CUSTOMER->DEPOT,58.224,61.391
1720,2604001,81,1000,922910,DEPOT->CUSTOMER,56.72,60.434
1721,2604001,82,1000,144561,CUSTOMER->DEPOT,46.59,52.096
1722,2604001,82,1000,144561,DEPOT->CUSTOMER,46.706,52.206
1723,2604001,83,1000,144631,CUSTOMER->DEPOT,63.288,65.285
1724,2604001,83,1000,144631,DEPOT->CUSTOMER,63.246,65.241
1725,2604001,84,1000,10821,CUSTOMER->DEPOT,28.23,34.122
1726,2604001,84,1000,10821,DEPOT->CUSTOMER,28.243,34.144
1727,2604001,85,1000,1644,CUSTOMER->DEPOT,23.64,26.103
1728,2604001,85,1000,1644,DEPOT->CUSTOMER,23.152,25.828
1729,2604001,86,1000,923951,CUSTOMER->DEPOT,65.41,67.309
1730,2604001,86,1000,923951,DEPOT->CUSTOMER,65.368,67.276
1731,2604001,87,1000,10538,CUSTOMER->DEPOT,65.411,67.309
1732,2604001,87,1000,10538,DEPOT->CUSTOMER,65.369,67.276
1733,2604001,88,1000,138650,CUSTOMER->DEPOT,34.105,35.981
1734,2604001,88,1000,138650,DEPOT->CUSTOMER,34.086,35.959
1735,2604001,89,1000,133688,CUSTOMER->DEPOT,34.194,37.862
1736,2604001,89,1000,133688,DEPOT->CUSTOMER,34.208,37.895
1737,2604001,90,1000,133703,CUSTOMER->DEPOT,33.583,37.246
1738,2604001,90,1000,133703,DEPOT->CUSTOMER,33.597,37.268
1739,2604001,91,1000,142857,CUSTOMER->DEPOT,20.892,23.749
1740,2604001,91,1000,142857,DEPOT->CUSTOMER,20.892,23.749
1741,2604001,92,1000,871,CUSTOMER->DEPOT,45.737,50.776
1742,2604001,92,1000,871,DEPOT->CUSTOMER,45.79,50.6
1743,2604001,93,1000,134513,CUSTOMER->DEPOT,57.492,62.403
1744,2604001,93,1000,134513,DEPOT->CUSTOMER,57.188,62.403
1745,2604001,94,1000,144835,CUSTOMER->DEPOT,51.538,58.553
1746,2604001,94,1000,144835,DEPOT->CUSTOMER,51.041,58.289
1747,2604001,95,1000,133394,CUSTOMER->DEPOT,48.211,55.165
1748,2604001,95,1000,133394,DEPOT->CUSTOMER,47.714,54.901
1749,2604001,96,1000,922121,CUSTOMER->DEPOT,21.542,23.782
1750,2604001,96,1000,922121,DEPOT->CUSTOMER,21.543,23.782
1751,2604001,97,1000,135717,CUSTOMER->DEPOT,25.932,29.491
1752,2604001,97,1000,135717,DEPOT->CUSTOMER,25.946,29.524
1753,2604001,98,1000,1078,CUSTOMER->DEPOT,0.161,0.429
1754,2604001,98,1000,1078,DEPOT->CUSTOMER,0.161,0.429
1755,2604001,99,1000,145229,CUSTOMER->DEPOT,0.847,1.881
1756,2604001,99,1000,145229,DEPOT->CUSTOMER,0.847,1.881
1757,2604001,100,1000,1387,DEPOT->CUSTOMER,28.742,30.03
1758,2604001,100,1000,1387,CUSTOMER->DEPOT,28.786,30.074
1759,2604001,101,1000,921035,DEPOT->CUSTOMER,30.586,31.933
1760,2604001,101,1000,921035,CUSTOMER->DEPOT,30.63,31.977
1761,2604001,102,1000,921824,DEPOT->CUSTOMER,33.259,34.65
1762,2604001,102,1000,921824,CUSTOMER->DEPOT,33.341,34.738
1763,2604001,103,1000,142179,DEPOT->CUSTOMER,47.208,51.843
1764,2604001,103,1000,142179,CUSTOMER->DEPOT,47.092,51.733
1765,2604001,104,1000,921932,DEPOT->CUSTOMER,47.154,51.788
1766,2604001,104,1000,921932,CUSTOMER->DEPOT,47.037,51.678
1767,2604001,105,1000,923700,DEPOT->CUSTOMER,26.632,30.206
1768,2604001,105,1000,923700,CUSTOMER->DEPOT,26.618,30.173
1769,2604001,106,1000,920968,DEPOT->CUSTOMER,22.801,25.916
1770,2604001,106,1000,920968,CUSTOMER->DEPOT,22.789,25.872
1771,2604001,107,1000,921042,DEPOT->CUSTOMER,65.097,67.276
1772,2604001,107,1000,921042,CUSTOMER->DEPOT,65.179,67.353
1773,2604001,108,1000,145171,DEPOT->CUSTOMER,29.669,30.921
1774,2604001,108,1000,145171,CUSTOMER->DEPOT,29.713,30.965
1775,2604001,109,1000,921663,DEPOT->CUSTOMER,30.869,34.826
1776,2604001,109,1000,921663,CUSTOMER->DEPOT,30.856,34.793
1777,2604001,110,1000,140401,DEPOT->CUSTOMER,23.401,26.84
1778,2604001,110,1000,140401,CUSTOMER->DEPOT,23.389,26.807
1779,2604001,111,1000,136403,DEPOT->CUSTOMER,70.08,73.04
1780,2604001,111,1000,136403,CUSTOMER->DEPOT,70.266,73.227
1781,2604001,112,1000,168,DEPOT->CUSTOMER,63.32,65.351
1782,2604001,112,1000,168,CUSTOMER->DEPOT,63.361,65.395
1783,2604001,113,1000,1892,DEPOT->CUSTOMER,22.457,25.465
1784,2604001,113,1000,1892,CUSTOMER->DEPOT,22.999,25.784
1785,2604001,114,1000,1676,DEPOT->CUSTOMER,46.32,50.941
1786,2604001,114,1000,1676,CUSTOMER->DEPOT,46.203,50.831
1787,2604001,115,1000,27,DEPOT->CUSTOMER,21.432,23.298
1788,2604001,115,1000,27,CUSTOMER->DEPOT,21.421,23.518
1789,2604001,116,1000,923762,DEPOT->CUSTOMER,65.2,67.54
1790,2604001,116,1000,923762,CUSTOMER->DEPOT,65.283,67.628
1791,2604001,117,1000,140023,DEPOT->CUSTOMER,31.351,32.923
1792,2604001,117,1000,140023,CUSTOMER->DEPOT,31.395,32.967
1793,2604001,118,1000,1665,DEPOT->CUSTOMER,65.327,67.859
1794,2604001,118,1000,1665,CUSTOMER->DEPOT,65.41,67.947
1795,3016355,1,1000,920619,DEPOT->CUSTOMER,140.549,148.093
1796,3016355,1,1000,920619,CUSTOMER->DEPOT,141.416,148.192
1797,3016355,2,1000,1080,DEPOT->CUSTOMER,0.606,1.353
1798,3016355,2,1000,1080,CUSTOMER->DEPOT,0.606,1.353
1799,3016355,3,1000,138093,DEPOT->CUSTOMER,22.406,24.827
1800,3016355,3,1000,138093,CUSTOMER->DEPOT,22.663,24.871
1801,3016355,4,1000,138096,DEPOT->CUSTOMER,21.308,24.453
1802,3016355,4,1000,138096,CUSTOMER->DEPOT,21.85,24.772
1803,3016355,5,1000,138088,DEPOT->CUSTOMER,21.913,25.872
1804,3016355,5,1000,138088,CUSTOMER->DEPOT,22.411,24.552
1805,3016355,6,1000,138097,DEPOT->CUSTOMER,21.555,24.992
1806,3016355,6,1000,138097,CUSTOMER->DEPOT,22.729,25.157
1807,3016355,7,1000,138095,DEPOT->CUSTOMER,32.967,37.103
1808,3016355,7,1000,138095,CUSTOMER->DEPOT,33.444,37.356
1809,3016355,8,1000,136590,DEPOT->CUSTOMER,115.773,132.209
1810,3016355,8,1000,136590,CUSTOMER->DEPOT,116.248,132.451
1811,3016355,9,1000,1096,DEPOT->CUSTOMER,11.174,12.045
1812,3016355,9,1000,1096,CUSTOMER->DEPOT,11.187,12.056
1813,3016355,10,1000,132470,DEPOT->CUSTOMER,5.941,7.469
1814,3016355,10,1000,132470,CUSTOMER->DEPOT,5.899,7.425
1815,3016355,11,1000,921372,DEPOT->CUSTOMER,24.132,26.576
1816,3016355,11,1000,921372,CUSTOMER->DEPOT,24.613,26.84
1817,3016355,12,1000,921437,DEPOT->CUSTOMER,133.184,140.613
1818,3016355,12,1000,921437,CUSTOMER->DEPOT,134.05,140.712
1819,3016355,13,1000,131271,DEPOT->CUSTOMER,126.498,131.362
1820,3016355,13,1000,131271,CUSTOMER->DEPOT,127.396,131.527
1821,3016355,14,1000,923863,DEPOT->CUSTOMER,132.334,139.535
1822,3016355,14,1000,923863,CUSTOMER->DEPOT,133.201,139.634
1823,3016355,15,1000,137731,DEPOT->CUSTOMER,23.785,27.665
1824,3016355,15,1000,137731,CUSTOMER->DEPOT,23.771,27.632
1825,3016355,16,1000,920296,DEPOT->CUSTOMER,25.17,27.665
1826,3016355,16,1000,920296,CUSTOMER->DEPOT,25.651,27.94
1827,3016355,17,1000,921302,DEPOT->CUSTOMER,21.314,23.122
1828,3016355,17,1000,921302,CUSTOMER->DEPOT,21.655,23.287
1829,3016355,18,1000,920105,DEPOT->CUSTOMER,81.498,84.469
1830,3016355,18,1000,920105,CUSTOMER->DEPOT,82.37,84.568
1831,3016355,19,1000,145259,DEPOT->CUSTOMER,22.451,25.806
1832,3016355,19,1000,145259,CUSTOMER->DEPOT,22.07,23.705
1833,3016355,20,1000,136139,DEPOT->CUSTOMER,82.032,84.997
1834,3016355,20,1000,136139,CUSTOMER->DEPOT,82.903,85.107
1835,3016355,21,1000,139534,DEPOT->CUSTOMER,37.253,39.006
1836,3016355,21,1000,139534,CUSTOMER->DEPOT,37.262,39.017
1837,3016355,22,1000,15022,DEPOT->CUSTOMER,22.027,23.606
1838,3016355,22,1000,15022,CUSTOMER->DEPOT,22.021,23.595
1839,3016355,23,1000,15025,DEPOT->CUSTOMER,41.062,44.946
1840,3016355,23,1000,15025,CUSTOMER->DEPOT,41.329,45.606
1841,3016355,24,1000,1381,DEPOT->CUSTOMER,48.183,52.294
1842,3016355,24,1000,1381,CUSTOMER->DEPOT,48.119,52.228
1843,3016355,25,1000,1584,DEPOT->CUSTOMER,116.997,134.343
1844,3016355,25,1000,1584,CUSTOMER->DEPOT,117.446,134.64
1845,3016355,26,1000,398,DEPOT->CUSTOMER,29.53,32.384
1846,3016355,26,1000,398,CUSTOMER->DEPOT,30.012,32.648
1847,3016355,27,1000,922033,DEPOT->CUSTOMER,25.217,27.819
1848,3016355,27,1000,922033,CUSTOMER->DEPOT,25.698,28.094
1849,3016355,28,1000,131456,DEPOT->CUSTOMER,2.891,3.773
1850,3016355,28,1000,131456,CUSTOMER->DEPOT,2.914,3.696
1851,3016355,29,1000,132462,DEPOT->CUSTOMER,22.296,24.948
1852,3016355,29,1000,132462,CUSTOMER->DEPOT,22.775,25.223
1853,3016355,30,1000,1324,DEPOT->CUSTOMER,24.457,27.071
1854,3016355,30,1000,1324,CUSTOMER->DEPOT,24.938,27.346
1855,3016355,31,1000,923413,DEPOT->CUSTOMER,24.376,26.719
1856,3016355,31,1000,923413,CUSTOMER->DEPOT,24.857,26.983
1857,3016355,32,1000,137232,DEPOT->CUSTOMER,22.512,25.058
1858,3016355,32,1000,137232,CUSTOMER->DEPOT,23.0,25.333
1859,3016355,33,1000,922170,DEPOT->CUSTOMER,52.016,51.689
1860,3016355,33,1000,922170,CUSTOMER->DEPOT,39.806,43.296
1861,3016355,34,1000,922169,DEPOT->CUSTOMER,42.639,45.089
1862,3016355,34,1000,922169,CUSTOMER->DEPOT,49.183,49.896
1863,3016355,35,1000,10706,DEPOT->CUSTOMER,44.483,48.235
1864,3016355,35,1000,10706,CUSTOMER->DEPOT,44.419,48.169
1865,3016355,36,1000,1186,DEPOT->CUSTOMER,21.64,25.388
1866,3016355,36,1000,1186,CUSTOMER->DEPOT,21.64,25.388
1867,3016355,37,1000,1044,DEPOT->CUSTOMER,41.755,45.584
1868,3016355,37,1000,1044,CUSTOMER->DEPOT,41.691,45.518
1869,3016355,38,1000,1047,DEPOT->CUSTOMER,41.115,45.056
1870,3016355,38,1000,1047,CUSTOMER->DEPOT,41.275,45.485
1871,3016355,39,1000,1048,DEPOT->CUSTOMER,38.698,40.48
1872,3016355,39,1000,1048,CUSTOMER->DEPOT,38.707,40.491
1873,3016355,40,1000,15200,DEPOT->CUSTOMER,102.445,105.699
1874,3016355,40,1000,15200,CUSTOMER->DEPOT,103.317,105.809
1875,3016355,41,1000,15205,DEPOT->CUSTOMER,19.462,20.867
1876,3016355,41,1000,15205,CUSTOMER->DEPOT,19.715,21.417
1877,3016355,42,1000,15328,DEPOT->CUSTOMER,20.812,22.165
1878,3016355,42,1000,15328,CUSTOMER->DEPOT,20.869,22.308
1879,3016355,43,1000,135579,DEPOT->CUSTOMER,22.09,24.178
1880,3016355,43,1000,135579,CUSTOMER->DEPOT,22.084,24.167
1881,3016355,44,1000,144817,DEPOT->CUSTOMER,114.943,131.285
1882,3016355,44,1000,144817,CUSTOMER->DEPOT,115.417,131.527
1883,3016355,45,1000,922090,DEPOT->CUSTOMER,132.918,140.349
1884,3016355,45,1000,922090,CUSTOMER->DEPOT,133.784,140.448
1885,3016355,46,1000,1082,DEPOT->CUSTOMER,2.259,3.663
1886,3016355,46,1000,1082,CUSTOMER->DEPOT,2.657,4.18
1887,3016355,47,1000,1281,DEPOT->CUSTOMER,22.301,25.476
1888,3016355,47,1000,1281,CUSTOMER->DEPOT,22.22,24.035
1889,3016355,48,1000,1480,DEPOT->CUSTOMER,115.857,132.66
1890,3016355,48,1000,1480,CUSTOMER->DEPOT,116.214,133.012
1891,3016355,49,1000,118,DEPOT->CUSTOMER,115.911,133.441
1892,3016355,49,1000,118,CUSTOMER->DEPOT,116.386,133.683
1893,3016355,50,1000,132580,DEPOT->CUSTOMER,37.899,41.69
1894,3016355,50,1000,132580,CUSTOMER->DEPOT,37.873,41.668
1895,3016355,51,1000,990,DEPOT->CUSTOMER,22.515,25.311
1896,3016355,51,1000,990,CUSTOMER->DEPOT,22.503,25.278
1897,3016355,52,1000,1079,DEPOT->CUSTOMER,0.194,0.539
1898,3016355,52,1000,1079,CUSTOMER->DEPOT,0.194,0.539
1899,3016355,53,1000,923591,DEPOT->CUSTOMER,21.923,25.993
1900,3016355,53,1000,923591,CUSTOMER->DEPOT,22.42,24.673
1901,3016355,54,1000,1439,DEPOT->CUSTOMER,22.291,24.893
1902,3016355,54,1000,1439,CUSTOMER->DEPOT,22.757,25.146
1903,3016355,55,1000,1487,DEPOT->CUSTOMER,5.244,6.259
1904,3016355,55,1000,1487,CUSTOMER->DEPOT,5.258,6.281
1905,3016355,56,1000,131249,DEPOT->CUSTOMER,21.321,22.726
1906,3016355,56,1000,131249,CUSTOMER->DEPOT,21.168,22.693
1907,3016355,57,1000,139097,DEPOT->CUSTOMER,46.445,50.523
1908,3016355,57,1000,139097,CUSTOMER->DEPOT,46.381,50.457
1909,3016355,58,1000,131241,DEPOT->CUSTOMER,5.463,6.248
1910,3016355,58,1000,131241,CUSTOMER->DEPOT,5.463,6.248
1911,3016355,59,1000,131243,DEPOT->CUSTOMER,0.745,1.562
1912,3016355,59,1000,131243,CUSTOMER->DEPOT,0.745,1.562
1913,3016355,60,1000,131244,DEPOT->CUSTOMER,1.17,2.343
1914,3016355,60,1000,131244,CUSTOMER->DEPOT,1.17,2.343
1915,3016355,61,1000,131246,DEPOT->CUSTOMER,4.467,5.357
1916,3016355,61,1000,131246,CUSTOMER->DEPOT,4.48,5.368
1917,3016355,62,1000,7528,DEPOT->CUSTOMER,32.806,36.322
1918,3016355,62,1000,7528,CUSTOMER->DEPOT,32.714,36.234
1919,3016355,63,1000,922526,DEPOT->CUSTOMER,41.688,45.727
1920,3016355,63,1000,922526,CUSTOMER->DEPOT,41.904,45.859
1921,3016355,64,1000,923183,DEPOT->CUSTOMER,41.682,45.716
1922,3016355,64,1000,923183,CUSTOMER->DEPOT,41.898,45.848
1923,3016355,65,1000,923686,DEPOT->CUSTOMER,2.898,5.544
1924,3016355,65,1000,923686,CUSTOMER->DEPOT,3.269,6.006
1925,3016355,66,1000,131717,DEPOT->CUSTOMER,76.549,79.717
1926,3016355,66,1000,131717,CUSTOMER->DEPOT,77.031,79.992
1927,3016355,67,1000,135850,DEPOT->CUSTOMER,116.68,133.496
1928,3016355,67,1000,135850,CUSTOMER->DEPOT,117.155,133.749
1929,3016355,68,1000,135499,DEPOT->CUSTOMER,3.908,5.082
1930,3016355,68,1000,135499,CUSTOMER->DEPOT,3.866,5.038
1931,3016355,69,1000,133291,DEPOT->CUSTOMER,20.603,22.836
1932,3016355,69,1000,133291,CUSTOMER->DEPOT,21.196,23.496
1933,3016355,70,1000,144653,DEPOT->CUSTOMER,27.749,30.173
1934,3016355,70,1000,144653,CUSTOMER->DEPOT,28.231,30.448
1935,3016355,71,1000,219,DEPOT->CUSTOMER,37.659,41.25
1936,3016355,71,1000,219,CUSTOMER->DEPOT,37.633,41.228
1937,3016355,72,1000,922957,DEPOT->CUSTOMER,0.541,1.342
1938,3016355,72,1000,922957,CUSTOMER->DEPOT,0.541,1.342
1939,3016355,73,1000,142995,DEPOT->CUSTOMER,20.931,23.551
1940,3016355,73,1000,142995,CUSTOMER->DEPOT,21.056,23.463
1941,3016355,74,1000,1418,DEPOT->CUSTOMER,21.578,23.188
1942,3016355,74,1000,1418,CUSTOMER->DEPOT,21.582,23.188
1943,3016355,75,1000,1084,DEPOT->CUSTOMER,3.549,5.368
1944,3016355,75,1000,1084,CUSTOMER->DEPOT,3.947,5.885
1945,3016355,76,1000,2091,DEPOT->CUSTOMER,24.055,29.59
1946,3016355,76,1000,2091,CUSTOMER->DEPOT,24.593,29.942
1947,3016355,77,1000,156,DEPOT->CUSTOMER,41.211,45.276
1948,3016355,77,1000,156,CUSTOMER->DEPOT,41.477,45.584
1949,3016355,78,1000,1774,DEPOT->CUSTOMER,116.943,134.662
1950,3016355,78,1000,1774,CUSTOMER->DEPOT,117.303,134.915
1951,3016355,79,1000,138766,DEPOT->CUSTOMER,115.73,132.11
1952,3016355,79,1000,138766,CUSTOMER->DEPOT,116.205,132.352
1953,3016355,80,1000,921745,DEPOT->CUSTOMER,132.774,140.184
1954,3016355,80,1000,921745,CUSTOMER->DEPOT,133.64,140.283
1955,3016355,81,1000,920697,DEPOT->CUSTOMER,39.115,42.735
1956,3016355,81,1000,920697,CUSTOMER->DEPOT,39.089,42.702
1957,3016355,82,1000,7634,DEPOT->CUSTOMER,24.159,29.931
1958,3016355,82,1000,7634,CUSTOMER->DEPOT,24.712,30.305
1959,3016355,83,1000,1078,DEPOT->CUSTOMER,0.161,0.429
1960,3016355,83,1000,1078,CUSTOMER->DEPOT,0.161,0.429
1961,3016355,84,1000,923209,DEPOT->CUSTOMER,133.203,140.635
1962,3016355,84,1000,923209,CUSTOMER->DEPOT,134.07,140.734
1963,3016355,85,1000,1374,DEPOT->CUSTOMER,44.584,48.29
1964,3016355,85,1000,1374,CUSTOMER->DEPOT,44.52,48.224
1965,3016355,86,1000,922004,DEPOT->CUSTOMER,10.443,11.308
1966,3016355,86,1000,922004,CUSTOMER->DEPOT,10.457,11.319
1967,3016355,87,1000,145190,DEPOT->CUSTOMER,101.557,104.775
1968,3016355,87,1000,145190,CUSTOMER->DEPOT,102.428,104.874
1969,3016355,88,1000,144279,DEPOT->CUSTOMER,5.288,6.105
1970,3016355,88,1000,144279,CUSTOMER->DEPOT,5.302,6.127
1971,3016355,89,1000,547,DEPOT->CUSTOMER,101.959,105.182
1972,3016355,89,1000,547,CUSTOMER->DEPOT,102.83,105.292
1973,3016355,90,1000,145160,DEPOT->CUSTOMER,4.456,5.225
1974,3016355,90,1000,145160,CUSTOMER->DEPOT,4.47,5.236
1975,3016355,91,1000,920359,DEPOT->CUSTOMER,115.905,132.495
1976,3016355,91,1000,920359,CUSTOMER->DEPOT,116.38,132.737
1977,3016355,92,1000,137665,DEPOT->CUSTOMER,75.873,79.497
1978,3016355,92,1000,137665,CUSTOMER->DEPOT,76.388,79.794
1979,3016355,93,1000,922863,DEPOT->CUSTOMER,21.701,25.091
1980,3016355,93,1000,922863,CUSTOMER->DEPOT,22.243,25.421
1981,3016355,95,1000,921276,DEPOT->CUSTOMER,20.99,22.561
1982,3016355,95,1000,921276,CUSTOMER->DEPOT,21.03,22.66
1983,3016355,96,1000,1199,DEPOT->CUSTOMER,21.286,23.177
1984,3016355,96,1000,1199,CUSTOMER->DEPOT,21.275,23.199
1985,3016355,97,1000,1805,DEPOT->CUSTOMER,1.921,3.212
1986,3016355,97,1000,1805,CUSTOMER->DEPOT,1.82,3.08
1987,3016355,98,1000,131762,DEPOT->CUSTOMER,3.737,4.499
1988,3016355,98,1000,131762,CUSTOMER->DEPOT,3.737,4.499
1989,3016355,99,1000,526,DEPOT->CUSTOMER,102.449,105.71
1990,3016355,99,1000,526,CUSTOMER->DEPOT,103.32,105.809
1991,3016355,100,1000,1356,DEPOT->CUSTOMER,15.534,16.478
1992,3016355,100,1000,1356,CUSTOMER->DEPOT,15.542,16.478
1993,3016355,101,1000,136498,DEPOT->CUSTOMER,28.698,31.218
1994,3016355,101,1000,136498,CUSTOMER->DEPOT,29.179,31.482
1995,3016355,102,1000,136201,DEPOT->CUSTOMER,114.653,130.691
1996,3016355,102,1000,136201,CUSTOMER->DEPOT,115.128,130.933
1997,3027038,1,1000,920812,DEPOT->CUSTOMER,24.137,29.865
1998,3027038,1,1000,920812,CUSTOMER->DEPOT,24.69,30.239
1999,3027038,2,1000,138087,DEPOT->CUSTOMER,31.173,34.815
2000,3027038,2,1000,138087,CUSTOMER->DEPOT,31.159,34.782
2001,3027038,3,1000,138157,DEPOT->CUSTOMER,47.352,54.527
2002,3027038,3,1000,138157,CUSTOMER->DEPOT,47.85,54.791
2003,3027038,4,1000,26,DEPOT->CUSTOMER,29.805,31.416
2004,3027038,4,1000,26,CUSTOMER->DEPOT,29.849,31.46
2005,3027038,5,1000,478,CUSTOMER->DEPOT,63.772,65.912
2006,3027038,5,1000,478,DEPOT->CUSTOMER,63.689,65.835
2007,3027038,6,1000,921127,DEPOT->CUSTOMER,57.008,60.038
2008,3027038,6,1000,921127,CUSTOMER->DEPOT,57.49,60.313
2009,3027038,7,1000,920300,DEPOT->CUSTOMER,46.201,50.831
2010,3027038,7,1000,920300,CUSTOMER->DEPOT,46.045,50.677
2011,3027038,8,1000,921302,DEPOT->CUSTOMER,21.314,23.122
2012,3027038,8,1000,921302,CUSTOMER->DEPOT,21.655,23.287
2013,3027038,9,1000,454,DEPOT->CUSTOMER,33.116,34.771
2014,3027038,9,1000,454,CUSTOMER->DEPOT,33.134,34.782
2015,3027038,10,1000,1408,DEPOT->CUSTOMER,21.388,23.408
2016,3027038,10,1000,1408,CUSTOMER->DEPOT,21.378,23.419
2017,3027038,11,1000,15027,DEPOT->CUSTOMER,46.242,50.886
2018,3027038,11,1000,15027,CUSTOMER->DEPOT,46.085,50.732
2019,3027038,12,1000,15030,DEPOT->CUSTOMER,30.466,32.087
2020,3027038,12,1000,15030,CUSTOMER->DEPOT,30.51,32.131
2021,3027038,13,1000,137381,DEPOT->CUSTOMER,65.34,67.892
2022,3027038,13,1000,137381,CUSTOMER->DEPOT,65.423,67.98
2023,3027038,14,1000,1016,DEPOT->CUSTOMER,45.769,50.402
2024,3027038,14,1000,1016,CUSTOMER->DEPOT,45.7,50.347
2025,3027038,15,1000,137635,DEPOT->CUSTOMER,24.165,26.686
2026,3027038,15,1000,137635,CUSTOMER->DEPOT,24.646,26.95
2027,3027038,16,1000,1862,DEPOT->CUSTOMER,56.405,61.6
2028,3027038,16,1000,1862,CUSTOMER->DEPOT,56.709,61.611
2029,3027038,17,1000,131511,DEPOT->CUSTOMER,23.67,27.258
2030,3027038,17,1000,131511,CUSTOMER->DEPOT,23.656,27.225
2031,3027038,18,1000,131460,DEPOT->CUSTOMER,44.79,49.511
2032,3027038,18,1000,131460,CUSTOMER->DEPOT,44.712,49.445
2033,3027038,19,1000,15221,DEPOT->CUSTOMER,65.466,68.288
2034,3027038,19,1000,15221,CUSTOMER->DEPOT,65.549,68.365
2035,3027038,20,1000,10825,DEPOT->CUSTOMER,23.633,27.291
2036,3027038,20,1000,10825,CUSTOMER->DEPOT,23.401,27.038
2037,3027038,21,1000,1518,DEPOT->CUSTOMER,31.049,32.406
2038,3027038,21,1000,1518,CUSTOMER->DEPOT,31.093,32.45
2039,3027038,22,1000,1118,DEPOT->CUSTOMER,46.679,51.986
2040,3027038,22,1000,1118,CUSTOMER->DEPOT,46.843,52.448
2041,3027038,23,1000,144680,DEPOT->CUSTOMER,47.51,49.445
2042,3027038,23,1000,144680,CUSTOMER->DEPOT,47.593,49.533
2043,3027038,24,1000,920704,DEPOT->CUSTOMER,63.229,65.142
2044,3027038,24,1000,920704,CUSTOMER->DEPOT,63.271,65.186
2045,3027038,25,1000,131334,DEPOT->CUSTOMER,65.736,68.112
2046,3027038,25,1000,131334,CUSTOMER->DEPOT,65.923,68.706
2047,3027038,26,1000,131336,DEPOT->CUSTOMER,54.394,58.927
2048,3027038,26,1000,131336,CUSTOMER->DEPOT,54.477,59.004
2049,3027038,27,1000,2038,DEPOT->CUSTOMER,30.608,32.032
2050,3027038,27,1000,2038,CUSTOMER->DEPOT,30.652,32.076
2051,3027038,28,1000,15323,DEPOT->CUSTOMER,44.886,46.508
2052,3027038,28,1000,15323,CUSTOMER->DEPOT,44.969,46.585
2053,3027038,29,1000,1717,DEPOT->CUSTOMER,31.454,32.813
2054,3027038,29,1000,1717,CUSTOMER->DEPOT,31.498,32.857
2055,3027038,30,1000,738,DEPOT->CUSTOMER,50.717,55.759
2056,3027038,30,1000,738,CUSTOMER->DEPOT,51.021,55.759
2057,3027038,31,1000,7521,DEPOT->CUSTOMER,30.747,32.098
2058,3027038,31,1000,7521,CUSTOMER->DEPOT,30.791,32.142
2059,3027038,32,1000,7930,DEPOT->CUSTOMER,47.035,54.208
2060,3027038,32,1000,7930,CUSTOMER->DEPOT,47.532,54.472
2061,3027038,33,1000,7935,DEPOT->CUSTOMER,56.861,59.752
2062,3027038,33,1000,7935,CUSTOMER->DEPOT,57.343,60.016
2063,3027038,34,1000,7945,DEPOT->CUSTOMER,56.641,60.258
2064,3027038,34,1000,7945,CUSTOMER->DEPOT,58.145,61.226
2065,3027038,35,1000,7959,DEPOT->CUSTOMER,66.025,67.914
2066,3027038,35,1000,7959,CUSTOMER->DEPOT,66.129,68.024
2067,3027038,36,1000,15203,DEPOT->CUSTOMER,46.24,51.337
2068,3027038,36,1000,15203,CUSTOMER->DEPOT,46.318,51.216
2069,3027038,37,1000,15208,CUSTOMER->DEPOT,20.822,22.11
2070,3027038,37,1000,15208,DEPOT->CUSTOMER,21.342,22.638
2071,3027038,38,1000,143115,DEPOT->CUSTOMER,30.954,33.022
2072,3027038,38,1000,143115,CUSTOMER->DEPOT,30.957,33.022
2073,3027038,39,1000,137670,DEPOT->CUSTOMER,52.776,57.915
2074,3027038,39,1000,137670,CUSTOMER->DEPOT,53.08,57.926
2075,3027038,40,1000,142110,DEPOT->CUSTOMER,66.317,68.992
2076,3027038,40,1000,142110,CUSTOMER->DEPOT,67.229,69.663
2077,3027038,41,1000,1686,DEPOT->CUSTOMER,2.218,3.608
2078,3027038,41,1000,1686,CUSTOMER->DEPOT,1.523,2.684
2079,3027038,42,1000,1934,DEPOT->CUSTOMER,63.226,65.175
2080,3027038,42,1000,1934,CUSTOMER->DEPOT,63.268,65.219
2081,3027038,43,1000,922805,DEPOT->CUSTOMER,45.741,50.358
2082,3027038,43,1000,922805,CUSTOMER->DEPOT,45.701,50.325
2083,3027038,44,1000,136942,DEPOT->CUSTOMER,46.191,50.908
2084,3027038,44,1000,136942,CUSTOMER->DEPOT,46.109,50.82
2085,3027038,45,1000,139168,DEPOT->CUSTOMER,31.488,35.145
2086,3027038,45,1000,139168,CUSTOMER->DEPOT,31.964,35.409
2087,3027038,46,1000,923589,DEPOT->CUSTOMER,42.933,47.509
2088,3027038,46,1000,923589,CUSTOMER->DEPOT,42.856,47.432
2089,3027038,47,1000,923590,DEPOT->CUSTOMER,20.815,22.033
2090,3027038,47,1000,923590,CUSTOMER->DEPOT,20.522,21.824
2091,3027038,48,1000,922197,DEPOT->CUSTOMER,44.925,49.577
2092,3027038,48,1000,922197,CUSTOMER->DEPOT,44.848,49.5
2093,3027038,49,1000,141548,DEPOT->CUSTOMER,48.246,53.097
2094,3027038,49,1000,141548,CUSTOMER->DEPOT,48.169,53.02
2095,3027038,50,1000,131250,DEPOT->CUSTOMER,22.484,26.103
2096,3027038,50,1000,131250,CUSTOMER->DEPOT,23.085,26.587
2097,3027038,51,1000,131248,DEPOT->CUSTOMER,30.658,34.287
2098,3027038,51,1000,131248,CUSTOMER->DEPOT,30.644,34.254
2099,3027038,52,1000,921003,DEPOT->CUSTOMER,21.248,23.122
2100,3027038,52,1000,921003,CUSTOMER->DEPOT,21.247,23.133
2101,3027038,53,1000,922910,DEPOT->CUSTOMER,56.72,60.434
2102,3027038,53,1000,922910,CUSTOMER->DEPOT,58.224,61.391
2103,3027038,54,1000,132531,DEPOT->CUSTOMER,19.958,21.406
2104,3027038,54,1000,132531,CUSTOMER->DEPOT,19.963,21.417
2105,3027038,55,1000,144561,DEPOT->CUSTOMER,46.706,52.206
2106,3027038,55,1000,144561,CUSTOMER->DEPOT,46.59,52.096
2107,3027038,56,1000,10821,DEPOT->CUSTOMER,28.243,34.144
2108,3027038,56,1000,10821,CUSTOMER->DEPOT,28.23,34.122
2109,3027038,57,1000,1644,DEPOT->CUSTOMER,23.152,25.828
2110,3027038,57,1000,1644,CUSTOMER->DEPOT,23.64,26.103
2111,3027038,58,1000,10538,DEPOT->CUSTOMER,65.369,67.276
2112,3027038,58,1000,10538,CUSTOMER->DEPOT,65.411,67.309
2113,3027038,59,1000,133834,DEPOT->CUSTOMER,44.422,47.069
2114,3027038,59,1000,133834,CUSTOMER->DEPOT,44.904,47.333
2115,3027038,60,1000,138650,DEPOT->CUSTOMER,34.086,35.959
2116,3027038,60,1000,138650,CUSTOMER->DEPOT,34.105,35.981
2117,3027038,61,1000,139379,DEPOT->CUSTOMER,30.749,32.131
2118,3027038,61,1000,139379,CUSTOMER->DEPOT,30.793,32.175
2119,3027038,62,1000,140751,DEPOT->CUSTOMER,22.432,25.102
2120,3027038,62,1000,140751,CUSTOMER->DEPOT,22.42,25.069
2121,3027038,63,1000,140167,DEPOT->CUSTOMER,65.777,68.167
2122,3027038,63,1000,140167,CUSTOMER->DEPOT,65.882,68.651
2123,3027038,64,1000,133703,DEPOT->CUSTOMER,33.597,37.268
2124,3027038,64,1000,133703,CUSTOMER->DEPOT,33.583,37.246
2125,3027038,65,1000,1539,DEPOT->CUSTOMER,21.152,22.913
2126,3027038,65,1000,1539,CUSTOMER->DEPOT,20.73,22.0
2127,3027038,66,1000,142995,DEPOT->CUSTOMER,20.931,23.551
2128,3027038,66,1000,142995,CUSTOMER->DEPOT,21.056,23.463
2129,3027038,67,1000,1587,DEPOT->CUSTOMER,46.714,52.096
2130,3027038,67,1000,1587,CUSTOMER->DEPOT,46.877,52.558
2131,3027038,68,1000,134513,DEPOT->CUSTOMER,57.188,62.403
2132,3027038,68,1000,134513,CUSTOMER->DEPOT,57.492,62.403
2133,3027038,69,1000,131297,DEPOT->CUSTOMER,53.509,60.093
2134,3027038,69,1000,131297,CUSTOMER->DEPOT,53.432,60.016
2135,3027038,70,1000,133394,DEPOT->CUSTOMER,47.714,54.901
2136,3027038,70,1000,133394,CUSTOMER->DEPOT,48.211,55.165
2137,3027038,71,1000,922387,DEPOT->CUSTOMER,20.25,22.055
2138,3027038,71,1000,922387,CUSTOMER->DEPOT,20.274,22.11
2139,3027038,72,1000,7929,DEPOT->CUSTOMER,46.531,51.458
2140,3027038,72,1000,7929,CUSTOMER->DEPOT,46.694,51.92
2141,3027038,73,1000,7634,DEPOT->CUSTOMER,24.159,29.931
2142,3027038,73,1000,7634,CUSTOMER->DEPOT,24.712,30.305
2143,3027038,74,1000,145229,DEPOT->CUSTOMER,0.847,1.881
2144,3027038,74,1000,145229,CUSTOMER->DEPOT,0.847,1.881
2145,3027038,75,1000,1387,DEPOT->CUSTOMER,28.742,30.03
2146,3027038,75,1000,1387,CUSTOMER->DEPOT,28.786,30.074
2147,3027038,76,1000,921035,DEPOT->CUSTOMER,30.586,31.933
2148,3027038,76,1000,921035,CUSTOMER->DEPOT,30.63,31.977
2149,3027038,77,1000,142179,DEPOT->CUSTOMER,47.208,51.843
2150,3027038,77,1000,142179,CUSTOMER->DEPOT,47.092,51.733
2151,3027038,78,1000,921932,DEPOT->CUSTOMER,47.154,51.788
2152,3027038,78,1000,921932,CUSTOMER->DEPOT,47.037,51.678
2153,3027038,79,1000,922911,DEPOT->CUSTOMER,71.039,74.36
2154,3027038,79,1000,922911,CUSTOMER->DEPOT,71.911,74.459
2155,3027038,80,1000,923700,DEPOT->CUSTOMER,26.632,30.206
2156,3027038,80,1000,923700,CUSTOMER->DEPOT,26.618,30.173
2157,3027038,81,1000,920968,DEPOT->CUSTOMER,22.801,25.916
2158,3027038,81,1000,920968,CUSTOMER->DEPOT,22.789,25.872
2159,3027038,82,1000,921561,DEPOT->CUSTOMER,38.127,40.678
2160,3027038,82,1000,921561,CUSTOMER->DEPOT,38.609,40.942
2161,3027038,83,1000,923709,DEPOT->CUSTOMER,30.921,32.659
2162,3027038,83,1000,923709,CUSTOMER->DEPOT,30.953,32.461
2163,3027038,84,1000,922863,DEPOT->CUSTOMER,21.701,25.091
2164,3027038,84,1000,922863,CUSTOMER->DEPOT,22.243,25.421
2165,3027038,85,1000,1892,DEPOT->CUSTOMER,22.457,25.465
2166,3027038,85,1000,1892,CUSTOMER->DEPOT,22.999,25.784
2167,3027038,86,1000,921276,DEPOT->CUSTOMER,20.99,22.561
2168,3027038,86,1000,921276,CUSTOMER->DEPOT,21.03,22.66
2169,3027038,87,1000,1676,CUSTOMER->DEPOT,46.203,50.831
2170,3027038,87,1000,1676,DEPOT->CUSTOMER,46.32,50.941
2171,3027038,88,1000,1199,DEPOT->CUSTOMER,21.286,23.177
2172,3027038,88,1000,1199,CUSTOMER->DEPOT,21.275,23.199
2173,3027038,89,1000,1805,DEPOT->CUSTOMER,1.921,3.212
2174,3027038,89,1000,1805,CUSTOMER->DEPOT,1.82,3.08
2175,3027038,90,1000,140023,DEPOT->CUSTOMER,31.351,32.923
2176,3027038,90,1000,140023,CUSTOMER->DEPOT,31.395,32.967
2177,3027038,91,1000,1665,DEPOT->CUSTOMER,65.327,67.859
2178,3027038,91,1000,1665,CUSTOMER->DEPOT,65.41,67.947
2179,3044702,1,1000,7779,DEPOT->CUSTOMER,21.49,20.9
2180,3044702,1,1000,7779,CUSTOMER->DEPOT,21.495,20.9
2181,3044702,2,1000,143349,DEPOT->CUSTOMER,28.688,33.12
2182,3044702,2,1000,143349,CUSTOMER->DEPOT,28.688,33.12
2183,3044702,3,1000,135889,DEPOT->CUSTOMER,28.292,32.93
2184,3044702,3,1000,135889,CUSTOMER->DEPOT,28.292,32.93
2185,3044702,4,1000,138089,DEPOT->CUSTOMER,21.731,20.87
2186,3044702,4,1000,138089,CUSTOMER->DEPOT,21.605,20.74
2187,3044702,5,1000,131267,DEPOT->CUSTOMER,125.748,118.73
2188,3044702,5,1000,131267,CUSTOMER->DEPOT,126.685,118.92
2189,3044702,6,1000,920532,DEPOT->CUSTOMER,128.081,121.93
2190,3044702,6,1000,920532,CUSTOMER->DEPOT,128.948,122.02
2191,3044702,7,1000,140812,DEPOT->CUSTOMER,125.447,118.53
2192,3044702,7,1000,140812,CUSTOMER->DEPOT,126.317,118.55
2193,3044702,8,1000,131269,DEPOT->CUSTOMER,126.358,119.67
2194,3044702,8,1000,131269,CUSTOMER->DEPOT,127.256,119.82
2195,3044702,9,1000,137731,DEPOT->CUSTOMER,24.138,24.61
2196,3044702,9,1000,137731,CUSTOMER->DEPOT,24.131,24.58
2197,3044702,10,1000,920120,DEPOT->CUSTOMER,125.828,119.61
2198,3044702,10,1000,920120,CUSTOMER->DEPOT,126.73,119.71
2199,3044702,11,1000,15026,DEPOT->CUSTOMER,1.788,2.81
2200,3044702,11,1000,15026,CUSTOMER->DEPOT,2.003,3.06
2201,3044702,12,1000,15028,DEPOT->CUSTOMER,21.545,20.96
2202,3044702,12,1000,15028,CUSTOMER->DEPOT,21.553,20.97
2203,3044702,13,1000,7572,DEPOT->CUSTOMER,20.894,20.36
2204,3044702,13,1000,7572,CUSTOMER->DEPOT,20.902,20.37
2205,3044702,14,1000,137633,DEPOT->CUSTOMER,24.156,24.23
2206,3044702,14,1000,137633,CUSTOMER->DEPOT,24.637,24.48
2207,3044702,15,1000,137635,DEPOT->CUSTOMER,24.165,24.26
2208,3044702,15,1000,137635,CUSTOMER->DEPOT,24.646,24.5
2209,3044702,16,1000,138929,DEPOT->CUSTOMER,127.066,120.65
2210,3044702,16,1000,138929,CUSTOMER->DEPOT,127.933,120.74
2211,3044702,17,1000,921090,DEPOT->CUSTOMER,125.783,119.21
2212,3044702,17,1000,921090,CUSTOMER->DEPOT,126.663,119.31
2213,3044702,18,1000,138540,DEPOT->CUSTOMER,28.136,31.53
2214,3044702,18,1000,138540,CUSTOMER->DEPOT,28.094,31.49
2215,3044702,19,1000,922848,DEPOT->CUSTOMER,32.768,31.43
2216,3044702,19,1000,922848,CUSTOMER->DEPOT,32.794,31.29
2217,3044702,20,1000,137176,DEPOT->CUSTOMER,126.138,119.52
2218,3044702,20,1000,137176,CUSTOMER->DEPOT,127.018,119.63
2219,3044702,21,1000,136885,DEPOT->CUSTOMER,28.385,32.87
2220,3044702,21,1000,136885,CUSTOMER->DEPOT,28.364,32.85
2221,3044702,22,1000,921872,DEPOT->CUSTOMER,21.07,21.93
2222,3044702,22,1000,921872,CUSTOMER->DEPOT,21.064,21.92
2223,3044702,23,1000,320,DEPOT->CUSTOMER,113.23,109.48
2224,3044702,23,1000,320,CUSTOMER->DEPOT,113.709,109.73
2225,3044702,24,1000,131466,DEPOT->CUSTOMER,20.996,20.46
2226,3044702,24,1000,131466,CUSTOMER->DEPOT,21.004,20.47
2227,3044702,25,1000,743,DEPOT->CUSTOMER,25.632,26.07
2228,3044702,25,1000,743,CUSTOMER->DEPOT,25.589,26.03
2229,3044702,26,1000,742,DEPOT->CUSTOMER,28.324,32.9
2230,3044702,26,1000,742,CUSTOMER->DEPOT,28.324,32.9
2231,3044702,27,1000,740,DEPOT->CUSTOMER,28.387,32.98
2232,3044702,27,1000,740,CUSTOMER->DEPOT,28.387,32.98
2233,3044702,28,1000,739,DEPOT->CUSTOMER,39.269,38.17
2234,3044702,28,1000,739,CUSTOMER->DEPOT,39.778,38.44
2235,3044702,29,1000,7525,DEPOT->CUSTOMER,1.997,3.11
2236,3044702,29,1000,7525,CUSTOMER->DEPOT,1.857,2.94
2237,3044702,30,1000,7522,DEPOT->CUSTOMER,21.095,20.72
2238,3044702,30,1000,7522,CUSTOMER->DEPOT,20.894,20.32
2239,3044702,31,1000,15202,DEPOT->CUSTOMER,2.133,3.28
2240,3044702,31,1000,15202,CUSTOMER->DEPOT,2.532,3.75
2241,3044702,32,1000,15204,DEPOT->CUSTOMER,20.876,20.54
2242,3044702,32,1000,15204,CUSTOMER->DEPOT,21.234,20.42
2243,3044702,33,1000,15205,DEPOT->CUSTOMER,19.462,18.97
2244,3044702,33,1000,15205,CUSTOMER->DEPOT,19.715,19.47
2245,3044702,34,1000,15206,DEPOT->CUSTOMER,19.637,19.38
2246,3044702,34,1000,15206,CUSTOMER->DEPOT,19.445,19.09
2247,3044702,35,1000,15207,DEPOT->CUSTOMER,20.115,20.25
2248,3044702,35,1000,15207,CUSTOMER->DEPOT,20.561,20.64
2249,3044702,36,1000,15247,DEPOT->CUSTOMER,20.624,20.04
2250,3044702,36,1000,15247,CUSTOMER->DEPOT,20.626,20.04
2251,3044702,37,1000,15249,DEPOT->CUSTOMER,20.873,20.27
2252,3044702,37,1000,15249,CUSTOMER->DEPOT,20.865,20.27
2253,3044702,38,1000,15250,DEPOT->CUSTOMER,19.904,19.36
2254,3044702,38,1000,15250,CUSTOMER->DEPOT,19.91,19.37
2255,3044702,39,1000,15251,DEPOT->CUSTOMER,21.047,21.34
2256,3044702,39,1000,15251,CUSTOMER->DEPOT,21.041,21.33
2257,3044702,40,1000,15253,DEPOT->CUSTOMER,21.503,21.32
2258,3044702,40,1000,15253,CUSTOMER->DEPOT,21.491,21.53
2259,3044702,41,1000,15328,DEPOT->CUSTOMER,20.812,20.15
2260,3044702,41,1000,15328,CUSTOMER->DEPOT,20.869,20.28
2261,3044702,42,1000,139007,DEPOT->CUSTOMER,21.399,20.9
2262,3044702,42,1000,139007,CUSTOMER->DEPOT,21.09,20.39
2263,3044702,43,1000,1031,DEPOT->CUSTOMER,125.818,119.02
2264,3044702,43,1000,1031,CUSTOMER->DEPOT,126.838,119.29
2265,3044702,44,1000,145260,DEPOT->CUSTOMER,125.748,119.1
2266,3044702,44,1000,145260,CUSTOMER->DEPOT,126.629,119.21
2267,3044702,45,1000,131472,DEPOT->CUSTOMER,21.732,23.08
2268,3044702,45,1000,131472,CUSTOMER->DEPOT,22.372,22.16
2269,3044702,46,1000,883,DEPOT->CUSTOMER,20.778,19.82
2270,3044702,46,1000,883,CUSTOMER->DEPOT,20.939,19.97
2271,3044702,47,1000,882,DEPOT->CUSTOMER,20.838,20.2
2272,3044702,47,1000,882,CUSTOMER->DEPOT,20.83,20.2
2273,3044702,48,1000,922327,DEPOT->CUSTOMER,20.386,19.46
2274,3044702,48,1000,922327,CUSTOMER->DEPOT,20.19,19.27
2275,3044702,50,1000,923731,DEPOT->CUSTOMER,27.985,32.45
2276,3044702,50,1000,923731,CUSTOMER->DEPOT,27.964,32.43
2277,3044702,51,1000,136707,DEPOT->CUSTOMER,25.641,24.86
2278,3044702,51,1000,136707,CUSTOMER->DEPOT,25.667,24.72
2279,3044702,52,1000,139168,DEPOT->CUSTOMER,31.488,31.95
2280,3044702,52,1000,139168,CUSTOMER->DEPOT,31.964,32.19
2281,3044702,53,1000,239,DEPOT->CUSTOMER,21.123,20.58
2282,3044702,53,1000,239,CUSTOMER->DEPOT,21.131,20.58
2283,3044702,54,1000,494,DEPOT->CUSTOMER,35.202,34.92
2284,3044702,54,1000,494,CUSTOMER->DEPOT,35.211,34.93
2285,3044702,55,1000,775,DEPOT->CUSTOMER,20.929,21.4
2286,3044702,55,1000,775,CUSTOMER->DEPOT,21.054,21.33
2287,3044702,56,1000,1487,DEPOT->CUSTOMER,5.244,5.69
2288,3044702,56,1000,1487,CUSTOMER->DEPOT,5.258,5.71
2289,3044702,57,1000,136298,DEPOT->CUSTOMER,25.638,30.73
2290,3044702,57,1000,136298,CUSTOMER->DEPOT,25.638,30.73
2291,3044702,58,1000,923132,DEPOT->CUSTOMER,32.768,31.43
2292,3044702,58,1000,923132,CUSTOMER->DEPOT,32.794,31.29
2293,3044702,59,1000,131242,DEPOT->CUSTOMER,19.758,24.15
2294,3044702,59,1000,131242,CUSTOMER->DEPOT,19.758,24.15
2295,3044702,60,1000,131246,DEPOT->CUSTOMER,4.467,4.87
2296,3044702,60,1000,131246,CUSTOMER->DEPOT,4.48,4.88
2297,3044702,61,1000,921003,DEPOT->CUSTOMER,21.248,21.02
2298,3044702,61,1000,921003,CUSTOMER->DEPOT,21.247,21.03
2299,3044702,62,1000,921301,DEPOT->CUSTOMER,21.254,21.01
2300,3044702,62,1000,921301,CUSTOMER->DEPOT,21.244,21.02
2301,3044702,63,1000,139984,DEPOT->CUSTOMER,32.8,33.02
2302,3044702,63,1000,139984,CUSTOMER->DEPOT,32.707,32.93
2303,3044702,64,1000,136151,DEPOT->CUSTOMER,115.76,111.66
2304,3044702,64,1000,136151,CUSTOMER->DEPOT,116.239,111.9
2305,3044702,65,1000,136150,DEPOT->CUSTOMER,58.365,55.67
2306,3044702,65,1000,136150,CUSTOMER->DEPOT,58.841,55.9
2307,3044702,66,1000,923634,DEPOT->CUSTOMER,109.428,103.39
2308,3044702,66,1000,923634,CUSTOMER->DEPOT,109.904,103.63
2309,3044702,67,1000,143907,DEPOT->CUSTOMER,57.933,55.59
2310,3044702,67,1000,143907,CUSTOMER->DEPOT,58.41,55.82
2311,3044702,68,1000,133291,DEPOT->CUSTOMER,20.603,20.76
2312,3044702,68,1000,133291,CUSTOMER->DEPOT,20.716,21.02
2313,3044702,69,1000,133290,DEPOT->CUSTOMER,20.956,20.44
2314,3044702,69,1000,133290,CUSTOMER->DEPOT,20.957,20.46
2315,3044702,70,1000,922888,DEPOT->CUSTOMER,22.353,22.5
2316,3044702,70,1000,922888,CUSTOMER->DEPOT,22.246,22.26
2317,3044702,71,1000,135887,DEPOT->CUSTOMER,21.781,20.97
2318,3044702,71,1000,135887,CUSTOMER->DEPOT,21.776,20.96
2319,3044702,72,1000,760,DEPOT->CUSTOMER,31.544,37.06
2320,3044702,72,1000,760,CUSTOMER->DEPOT,31.57,36.92
2321,3044702,73,1000,1007,DEPOT->CUSTOMER,125.827,118.8
2322,3044702,73,1000,1007,CUSTOMER->DEPOT,126.58,118.77
2323,3044702,74,1000,920208,DEPOT->CUSTOMER,116.686,112.47
2324,3044702,74,1000,920208,CUSTOMER->DEPOT,117.166,112.72
2325,3044702,75,1000,7634,DEPOT->CUSTOMER,24.159,27.21
2326,3044702,75,1000,7634,CUSTOMER->DEPOT,24.712,27.55
2327,3044702,76,1000,1886,DEPOT->CUSTOMER,28.924,33.46
2328,3044702,76,1000,1886,CUSTOMER->DEPOT,28.903,33.44
2329,3044702,77,1000,136886,DEPOT->CUSTOMER,26.35,30.94
2330,3044702,77,1000,136886,CUSTOMER->DEPOT,26.35,30.94
2331,3044702,78,1000,1078,DEPOT->CUSTOMER,0.161,0.39
2332,3044702,78,1000,1078,CUSTOMER->DEPOT,0.161,0.39
2333,3044702,79,1000,139822,DEPOT->CUSTOMER,33.66,32.31
2334,3044702,79,1000,139822,CUSTOMER->DEPOT,33.686,32.17
2335,3044702,80,1000,921560,DEPOT->CUSTOMER,21.817,21.32
2336,3044702,80,1000,921560,CUSTOMER->DEPOT,21.843,21.18
2337,3044702,81,1000,140975,DEPOT->CUSTOMER,21.82,21.3
2338,3044702,81,1000,140975,CUSTOMER->DEPOT,21.488,20.85
2339,3044702,82,1000,137667,DEPOT->CUSTOMER,107.432,101.33
2340,3044702,82,1000,137667,CUSTOMER->DEPOT,107.908,101.57
2341,3044702,83,1000,137662,DEPOT->CUSTOMER,115.669,111.58
2342,3044702,83,1000,137662,CUSTOMER->DEPOT,116.149,111.82
2343,3044702,84,1000,137663,DEPOT->CUSTOMER,58.261,55.71
2344,3044702,84,1000,137663,CUSTOMER->DEPOT,58.738,55.95
2345,3044702,85,1000,139709,DEPOT->CUSTOMER,34.079,32.72
2346,3044702,85,1000,139709,CUSTOMER->DEPOT,34.105,32.58
2347,3044702,86,1000,15121,DEPOT->CUSTOMER,24.053,23.35
2348,3044702,86,1000,15121,CUSTOMER->DEPOT,24.062,23.36
2349,3044702,87,1000,1938,DEPOT->CUSTOMER,57.952,55.28
2350,3044702,87,1000,1938,CUSTOMER->DEPOT,58.428,55.52
2351,3044702,88,1000,131742,DEPOT->CUSTOMER,116.684,112.85
2352,3044702,88,1000,131742,CUSTOMER->DEPOT,117.164,113.09
2353,3044702,89,1000,1805,DEPOT->CUSTOMER,1.921,2.92
2354,3044702,89,1000,1805,CUSTOMER->DEPOT,1.82,2.8
2355,3044702,90,1000,957,DEPOT->CUSTOMER,127.326,120.92
2356,3044702,90,1000,957,CUSTOMER->DEPOT,128.192,121.02
2357,3044702,91,1000,1173,DEPOT->CUSTOMER,21.67,21.41
2358,3044702,91,1000,1173,CUSTOMER->DEPOT,21.679,21.42
2359,3044702,92,1000,139007-1,DEPOT->CUSTOMER,21.399,20.9
2360,3044702,92,1000,139007-1,CUSTOMER->DEPOT,21.09,20.39
